instance_name,start_time,end_time,cpu_avg
ins_1247567995,454452.0,454641.0,26.0
ins_492322084,454452.0,454644.0,27.0
ins_573635796,454452.0,454648.0,27.0
ins_573635636,454452.0,454645.0,26.0
ins_573635866,454452.0,454647.0,27.0
ins_573636020,454452.0,454644.0,26.0
ins_492321783,454452.0,454648.0,27.0
ins_1322218390,454452.0,454647.0,27.0
ins_1247568087,454452.0,454644.0,34.0
ins_573635720,454452.0,454646.0,27.0
ins_1247568590,454452.0,454649.0,28.0
ins_1322218632,454452.0,454644.0,26.0
ins_492322241,454452.0,454640.0,25.0
ins_1247568179,454452.0,454646.0,27.0
ins_915493492,454452.0,454647.0,26.0
ins_1322217990,454452.0,454651.0,35.0
ins_492321409,454452.0,454646.0,26.0
ins_573635480,454452.0,454657.0,27.0
ins_1322218545,454452.0,454652.0,27.0
ins_573635257,454453.0,454653.0,28.0
ins_573635185,454452.0,454647.0,27.0
ins_492322335,454452.0,454646.0,26.0
ins_1322218469,454452.0,454647.0,26.0
ins_915493415,454452.0,454650.0,27.0
ins_1247567610,454452.0,454649.0,27.0
ins_1247567522,454452.0,454645.0,27.0
ins_492321939,454452.0,454648.0,27.0
ins_1322218075,454452.0,454644.0,26.0
ins_1247567804,454452.0,454646.0,27.0
ins_1247567901,454452.0,454649.0,28.0
ins_1322218159,454452.0,454645.0,26.0
ins_1322218722,454452.0,454646.0,27.0
ins_492321332,454452.0,454645.0,27.0
ins_573635557,454452.0,454645.0,26.0
ins_915493565,454452.0,454649.0,27.0
ins_573635941,454452.0,454647.0,27.0
ins_1247568663,454452.0,454638.0,25.0
ins_1322218244,454452.0,454643.0,26.0
ins_492322155,454452.0,454645.0,26.0
ins_1322218316,454452.0,454646.0,28.0
ins_492321865,454452.0,454644.0,26.0
ins_1247567701,454452.0,454645.0,27.0
ins_915493637,454452.0,454646.0,26.0
ins_492322009,454452.0,454646.0,27.0
ins_915493339,454452.0,454649.0,27.0
