job_name,num_tasks,utilization,num_elementary_intervals,num_job_interval_edges,algorithm,repeat,seconds
j_404704,10,0.7,17,22,maxflow_passes,1,0.00028223381377756596
j_404704,10,0.7,17,22,maxflow_passes,2,0.0002723161596804857
j_404704,10,0.7,17,22,maxflow_passes,3,0.00027564982883632183
j_404704,10,0.7,17,22,maxflow_passes,4,0.0002810060977935791
j_404704,10,0.7,17,22,maxflow_passes,5,0.00026680598966777325
j_404704,10,0.7,17,22,mincost,1,0.0004589441232383251
j_404704,10,0.7,17,22,mincost,2,0.0004599799867719412
j_404704,10,0.7,17,22,mincost,3,0.0004579660017043352
j_404704,10,0.7,17,22,mincost,4,0.000464367913082242
j_404704,10,0.7,17,22,mincost,5,0.00045290286652743816
j_933978,10,0.7,8,43,maxflow_passes,1,0.00038426113314926624
j_933978,10,0.7,8,43,maxflow_passes,2,0.0002871248871088028
j_933978,10,0.7,8,43,maxflow_passes,3,0.0002829860895872116
j_933978,10,0.7,8,43,maxflow_passes,4,0.0002948648761957884
j_933978,10,0.7,8,43,maxflow_passes,5,0.00028334581293165684
j_933978,10,0.7,8,43,mincost,1,0.00036528101190924644
j_933978,10,0.7,8,43,mincost,2,0.00034423312172293663
j_933978,10,0.7,8,43,mincost,3,0.0003735360223799944
j_933978,10,0.7,8,43,mincost,4,0.0003791509661823511
j_933978,10,0.7,8,43,mincost,5,0.00036046397872269154
j_192096,11,0.7,23,80,maxflow_passes,1,0.0005404988769441843
j_192096,11,0.7,23,80,maxflow_passes,2,0.0005483559798449278
j_192096,11,0.7,23,80,maxflow_passes,3,0.0005368068814277649
j_192096,11,0.7,23,80,maxflow_passes,4,0.0005373689346015453
j_192096,11,0.7,23,80,maxflow_passes,5,0.0005332711152732372
j_192096,11,0.7,23,80,mincost,1,0.000866991002112627
j_192096,11,0.7,23,80,mincost,2,0.0008336270693689585
j_192096,11,0.7,23,80,mincost,3,0.0008356932085007429
j_192096,11,0.7,23,80,mincost,4,0.0008642161265015602
j_192096,11,0.7,23,80,mincost,5,0.0008701910264790058
j_2786237,11,0.7,26,51,maxflow_passes,1,0.0004703409504145384
j_2786237,11,0.7,26,51,maxflow_passes,2,0.00045010284520685673
j_2786237,11,0.7,26,51,maxflow_passes,3,0.00048022810369729996
j_2786237,11,0.7,26,51,maxflow_passes,4,0.000475224107503891
j_2786237,11,0.7,26,51,maxflow_passes,5,0.00047280779108405113
j_2786237,11,0.7,26,51,mincost,1,0.0008212490938603878
j_2786237,11,0.7,26,51,mincost,2,0.0007612889166921377
j_2786237,11,0.7,26,51,mincost,3,0.0007621259428560734
j_2786237,11,0.7,26,51,mincost,4,0.0007566399872303009
j_2786237,11,0.7,26,51,mincost,5,0.0007435439620167017
j_3368277,11,0.7,26,37,maxflow_passes,1,0.0004461829084903002
j_3368277,11,0.7,26,37,maxflow_passes,2,0.00042025488801300526
j_3368277,11,0.7,26,37,maxflow_passes,3,0.00043239397928118706
j_3368277,11,0.7,26,37,maxflow_passes,4,0.00041784089989960194
j_3368277,11,0.7,26,37,maxflow_passes,5,0.00042057805694639683
j_3368277,11,0.7,26,37,mincost,1,0.0006219120696187019
j_3368277,11,0.7,26,37,mincost,2,0.0006126980297267437
j_3368277,11,0.7,26,37,mincost,3,0.0006110749673098326
j_3368277,11,0.7,26,37,mincost,4,0.0006288350559771061
j_3368277,11,0.7,26,37,mincost,5,0.0006365429144352674
j_96286,11,0.7,24,90,maxflow_passes,1,0.0005511899944394827
j_96286,11,0.7,24,90,maxflow_passes,2,0.0005795438773930073
j_96286,11,0.7,24,90,maxflow_passes,3,0.0005492290947586298
j_96286,11,0.7,24,90,maxflow_passes,4,0.0005995170213282108
j_96286,11,0.7,24,90,maxflow_passes,5,0.0005917348898947239
j_96286,11,0.7,24,90,mincost,1,0.0008229308295994997
j_96286,11,0.7,24,90,mincost,2,0.0009271260350942612
j_96286,11,0.7,24,90,mincost,3,0.0010329398792237043
j_96286,11,0.7,24,90,mincost,4,0.001057818066328764
j_96286,11,0.7,24,90,mincost,5,0.000862993998453021
j_1276945,12,0.7,27,45,maxflow_passes,1,0.00044620782136917114
j_1276945,12,0.7,27,45,maxflow_passes,2,0.0004272789228707552
j_1276945,12,0.7,27,45,maxflow_passes,3,0.00043983710929751396
j_1276945,12,0.7,27,45,maxflow_passes,4,0.00040213996544480324
j_1276945,12,0.7,27,45,maxflow_passes,5,0.00041091511957347393
j_1276945,12,0.7,27,45,mincost,1,0.0008173419628292322
j_1276945,12,0.7,27,45,mincost,2,0.0008112979121506214
j_1276945,12,0.7,27,45,mincost,3,0.0008543110452592373
j_1276945,12,0.7,27,45,mincost,4,0.0008835210464894772
j_1276945,12,0.7,27,45,mincost,5,0.0008530139457434416
j_51724,12,0.7,15,104,maxflow_passes,1,0.0006216720212250948
j_51724,12,0.7,15,104,maxflow_passes,2,0.0005895930808037519
j_51724,12,0.7,15,104,maxflow_passes,3,0.0005743550136685371
j_51724,12,0.7,15,104,maxflow_passes,4,0.0006205928511917591
j_51724,12,0.7,15,104,maxflow_passes,5,0.0005611460655927658
j_51724,12,0.7,15,104,mincost,1,0.0007806089706718922
j_51724,12,0.7,15,104,mincost,2,0.0007233619689941406
j_51724,12,0.7,15,104,mincost,3,0.0007215079385787249
j_51724,12,0.7,15,104,mincost,4,0.0007220110855996609
j_51724,12,0.7,15,104,mincost,5,0.0007228339090943336
j_194520,13,0.7,17,129,maxflow_passes,1,0.0006440379656851292
j_194520,13,0.7,17,129,maxflow_passes,2,0.0006462279707193375
j_194520,13,0.7,17,129,maxflow_passes,3,0.000640887999907136
j_194520,13,0.7,17,129,maxflow_passes,4,0.0006398768164217472
j_194520,13,0.7,17,129,maxflow_passes,5,0.000601109117269516
j_194520,13,0.7,17,129,mincost,1,0.0009477920830249786
j_194520,13,0.7,17,129,mincost,2,0.0009874359238892794
j_194520,13,0.7,17,129,mincost,3,0.0010193150956183672
j_194520,13,0.7,17,129,mincost,4,0.0009542149491608143
j_194520,13,0.7,17,129,mincost,5,0.00098465196788311
j_3273444,14,0.7,10,99,maxflow_passes,1,0.00043261004611849785
j_3273444,14,0.7,10,99,maxflow_passes,2,0.000439405906945467
j_3273444,14,0.7,10,99,maxflow_passes,3,0.0004259541165083647
j_3273444,14,0.7,10,99,maxflow_passes,4,0.00042837602086365223
j_3273444,14,0.7,10,99,maxflow_passes,5,0.0004294400569051504
j_3273444,14,0.7,10,99,mincost,1,0.0006446868646889925
j_3273444,14,0.7,10,99,mincost,2,0.0006649240385740995
j_3273444,14,0.7,10,99,mincost,3,0.0006513041444122791
j_3273444,14,0.7,10,99,mincost,4,0.0006368681788444519
j_3273444,14,0.7,10,99,mincost,5,0.0006857439875602722
j_100365,15,0.7,23,163,maxflow_passes,1,0.000839172163978219
j_100365,15,0.7,23,163,maxflow_passes,2,0.0008306188974529505
j_100365,15,0.7,23,163,maxflow_passes,3,0.0008295110892504454
j_100365,15,0.7,23,163,maxflow_passes,4,0.0008231448009610176
j_100365,15,0.7,23,163,maxflow_passes,5,0.000824538990855217
j_100365,15,0.7,23,163,mincost,1,0.001758551923558116
j_100365,15,0.7,23,163,mincost,2,0.0016070399433374405
j_100365,15,0.7,23,163,mincost,3,0.0017395359463989735
j_100365,15,0.7,23,163,mincost,4,0.0016328881029039621
j_100365,15,0.7,23,163,mincost,5,0.0016023281496018171
j_2647287,15,0.7,32,86,maxflow_passes,1,0.0007856050506234169
j_2647287,15,0.7,32,86,maxflow_passes,2,0.0007794939447194338
j_2647287,15,0.7,32,86,maxflow_passes,3,0.00078226113691926
j_2647287,15,0.7,32,86,maxflow_passes,4,0.0007816960569471121
j_2647287,15,0.7,32,86,maxflow_passes,5,0.000783128198236227
j_2647287,15,0.7,32,86,mincost,1,0.0028514438308775425
j_2647287,15,0.7,32,86,mincost,2,0.0024523469619452953
j_2647287,15,0.7,32,86,mincost,3,0.0025391490198671818
j_2647287,15,0.7,32,86,mincost,4,0.0024605290964245796
j_2647287,15,0.7,32,86,mincost,5,0.0023810521233826876
j_3887478,15,0.7,30,71,maxflow_passes,1,0.0007403979543596506
j_3887478,15,0.7,30,71,maxflow_passes,2,0.0007274888921529055
j_3887478,15,0.7,30,71,maxflow_passes,3,0.0007157688960433006
j_3887478,15,0.7,30,71,maxflow_passes,4,0.000714658061042428
j_3887478,15,0.7,30,71,maxflow_passes,5,0.0007027219980955124
j_3887478,15,0.7,30,71,mincost,1,0.0015205161180347204
j_3887478,15,0.7,30,71,mincost,2,0.00142275495454669
j_3887478,15,0.7,30,71,mincost,3,0.0013800121378153563
j_3887478,15,0.7,30,71,mincost,4,0.0013404830824583769
j_3887478,15,0.7,30,71,mincost,5,0.00136077799834311
j_61662,15,0.7,32,79,maxflow_passes,1,0.0006895780097693205
j_61662,15,0.7,32,79,maxflow_passes,2,0.0006834210362285376
j_61662,15,0.7,32,79,maxflow_passes,3,0.0006723308470100164
j_61662,15,0.7,32,79,maxflow_passes,4,0.0006819169502705336
j_61662,15,0.7,32,79,maxflow_passes,5,0.0006790261249989271
j_61662,15,0.7,32,79,mincost,1,0.001519886078312993
j_61662,15,0.7,32,79,mincost,2,0.0015789468307048082
j_61662,15,0.7,32,79,mincost,3,0.0015361758414655924
j_61662,15,0.7,32,79,mincost,4,0.0015391269698739052
j_61662,15,0.7,32,79,mincost,5,0.0015362771227955818
j_798865,15,0.7,34,93,maxflow_passes,1,0.0007597650401294231
j_798865,15,0.7,34,93,maxflow_passes,2,0.000803506001830101
j_798865,15,0.7,34,93,maxflow_passes,3,0.0008050638716667891
j_798865,15,0.7,34,93,maxflow_passes,4,0.0008043679408729076
j_798865,15,0.7,34,93,maxflow_passes,5,0.0007882518693804741
j_798865,15,0.7,34,93,mincost,1,0.001963777933269739
j_798865,15,0.7,34,93,mincost,2,0.0019312959630042315
j_798865,15,0.7,34,93,mincost,3,0.001903862925246358
j_798865,15,0.7,34,93,mincost,4,0.0018741979729384184
j_798865,15,0.7,34,93,mincost,5,0.001760425977408886
j_585608,16,0.7,6,43,maxflow_passes,1,0.0003633738961070776
j_585608,16,0.7,6,43,maxflow_passes,2,0.00034473720006644726
j_585608,16,0.7,6,43,maxflow_passes,3,0.00037966202944517136
j_585608,16,0.7,6,43,maxflow_passes,4,0.0003471209201961756
j_585608,16,0.7,6,43,maxflow_passes,5,0.0003724689595401287
j_585608,16,0.7,6,43,mincost,1,0.0004995991475880146
j_585608,16,0.7,6,43,mincost,2,0.0005065270233899355
j_585608,16,0.7,6,43,mincost,3,0.0005095021333545446
j_585608,16,0.7,6,43,mincost,4,0.0004983849357813597
j_585608,16,0.7,6,43,mincost,5,0.0005353719461709261
j_345370,17,0.7,14,171,maxflow_passes,1,0.0007971189916133881
j_345370,17,0.7,14,171,maxflow_passes,2,0.000770052894949913
j_345370,17,0.7,14,171,maxflow_passes,3,0.000750573817640543
j_345370,17,0.7,14,171,maxflow_passes,4,0.0007626188453286886
j_345370,17,0.7,14,171,maxflow_passes,5,0.0007526259869337082
j_345370,17,0.7,14,171,mincost,1,0.0012145170476287603
j_345370,17,0.7,14,171,mincost,2,0.0012266410049051046
j_345370,17,0.7,14,171,mincost,3,0.001215171767398715
j_345370,17,0.7,14,171,mincost,4,0.001194886863231659
j_345370,17,0.7,14,171,mincost,5,0.0011606139596551657
j_4104654,18,0.7,8,75,maxflow_passes,1,0.00045894505456089973
j_4104654,18,0.7,8,75,maxflow_passes,2,0.0004679141566157341
j_4104654,18,0.7,8,75,maxflow_passes,3,0.00045098201371729374
j_4104654,18,0.7,8,75,maxflow_passes,4,0.00045911013148725033
j_4104654,18,0.7,8,75,maxflow_passes,5,0.0004368640948086977
j_4104654,18,0.7,8,75,mincost,1,0.0007189000025391579
j_4104654,18,0.7,8,75,mincost,2,0.00067680305801332
j_4104654,18,0.7,8,75,mincost,3,0.0007129479199647903
j_4104654,18,0.7,8,75,mincost,4,0.0007430338300764561
j_4104654,18,0.7,8,75,mincost,5,0.000737904105335474
j_3536810,19,0.7,13,155,maxflow_passes,1,0.0009063670877367258
j_3536810,19,0.7,13,155,maxflow_passes,2,0.0008689919486641884
j_3536810,19,0.7,13,155,maxflow_passes,3,0.0008362350054085255
j_3536810,19,0.7,13,155,maxflow_passes,4,0.0009037679992616177
j_3536810,19,0.7,13,155,maxflow_passes,5,0.0009313821792602539
j_3536810,19,0.7,13,155,mincost,1,0.0013573020696640015
j_3536810,19,0.7,13,155,mincost,2,0.0013171799946576357
j_3536810,19,0.7,13,155,mincost,3,0.001360504887998104
j_3536810,19,0.7,13,155,mincost,4,0.00136735406704247
j_3536810,19,0.7,13,155,mincost,5,0.0013279160484671593
j_583781,19,0.7,41,56,maxflow_passes,1,0.0007254360243678093
j_583781,19,0.7,41,56,maxflow_passes,2,0.0007150899618864059
j_583781,19,0.7,41,56,maxflow_passes,3,0.0006847209297120571
j_583781,19,0.7,41,56,maxflow_passes,4,0.0006475511472672224
j_583781,19,0.7,41,56,maxflow_passes,5,0.0006421529687941074
j_583781,19,0.7,41,56,mincost,1,0.0017231639940291643
j_583781,19,0.7,41,56,mincost,2,0.0016391549725085497
j_583781,19,0.7,41,56,mincost,3,0.0018044940661638975
j_583781,19,0.7,41,56,mincost,4,0.0016567942220717669
j_583781,19,0.7,41,56,mincost,5,0.0017600241117179394
j_3537631,20,0.7,22,258,maxflow_passes,1,0.0012686648406088352
j_3537631,20,0.7,22,258,maxflow_passes,2,0.001109203090891242
j_3537631,20,0.7,22,258,maxflow_passes,3,0.0011078030802309513
j_3537631,20,0.7,22,258,maxflow_passes,4,0.001138848951086402
j_3537631,20,0.7,22,258,maxflow_passes,5,0.0011063101701438427
j_3537631,20,0.7,22,258,mincost,1,0.002242336980998516
j_3537631,20,0.7,22,258,mincost,2,0.002170632127672434
j_3537631,20,0.7,22,258,mincost,3,0.0026060810778290033
j_3537631,20,0.7,22,258,mincost,4,0.0023008009884506464
j_3537631,20,0.7,22,258,mincost,5,0.0023197641130536795
j_2696529,23,0.7,32,460,maxflow_passes,1,0.0018043359741568565
j_2696529,23,0.7,32,460,maxflow_passes,2,0.001673972001299262
j_2696529,23,0.7,32,460,maxflow_passes,3,0.0017613691743463278
j_2696529,23,0.7,32,460,maxflow_passes,4,0.0016773468814790249
j_2696529,23,0.7,32,460,maxflow_passes,5,0.0018634859006851912
j_2696529,23,0.7,32,460,mincost,1,0.004834607942029834
j_2696529,23,0.7,32,460,mincost,2,0.00451559410430491
j_2696529,23,0.7,32,460,mincost,3,0.004576836945489049
j_2696529,23,0.7,32,460,mincost,4,0.004483088152483106
j_2696529,23,0.7,32,460,mincost,5,0.004537475993856788
j_2983331,25,0.7,29,288,maxflow_passes,1,0.001428796909749508
j_2983331,25,0.7,29,288,maxflow_passes,2,0.0014311759732663631
j_2983331,25,0.7,29,288,maxflow_passes,3,0.0013869591057300568
j_2983331,25,0.7,29,288,maxflow_passes,4,0.0013376721180975437
j_2983331,25,0.7,29,288,maxflow_passes,5,0.0013456819579005241
j_2983331,25,0.7,29,288,mincost,1,0.0030667120590806007
j_2983331,25,0.7,29,288,mincost,2,0.003222645027562976
j_2983331,25,0.7,29,288,mincost,3,0.0031588790006935596
j_2983331,25,0.7,29,288,mincost,4,0.0031307311728596687
j_2983331,25,0.7,29,288,mincost,5,0.0030982980970293283
j_1115359,26,0.7,28,369,maxflow_passes,1,0.001783287851139903
j_1115359,26,0.7,28,369,maxflow_passes,2,0.0016885551158338785
j_1115359,26,0.7,28,369,maxflow_passes,3,0.0017111690249294043
j_1115359,26,0.7,28,369,maxflow_passes,4,0.0016357190907001495
j_1115359,26,0.7,28,369,maxflow_passes,5,0.0016192470211535692
j_1115359,26,0.7,28,369,mincost,1,0.003975650994107127
j_1115359,26,0.7,28,369,mincost,2,0.004133158829063177
j_1115359,26,0.7,28,369,mincost,3,0.004345308057963848
j_1115359,26,0.7,28,369,mincost,4,0.004281120141968131
j_1115359,26,0.7,28,369,mincost,5,0.004158996976912022
j_1313299,26,0.7,43,214,maxflow_passes,1,0.0011029969900846481
j_1313299,26,0.7,43,214,maxflow_passes,2,0.0010962800588458776
j_1313299,26,0.7,43,214,maxflow_passes,3,0.0010947620030492544
j_1313299,26,0.7,43,214,maxflow_passes,4,0.001097327098250389
j_1313299,26,0.7,43,214,maxflow_passes,5,0.0010923820082098246
j_1313299,26,0.7,43,214,mincost,1,0.003943738993257284
j_1313299,26,0.7,43,214,mincost,2,0.004025170812383294
j_1313299,26,0.7,43,214,mincost,3,0.003932398045435548
j_1313299,26,0.7,43,214,mincost,4,0.00403594714589417
j_1313299,26,0.7,43,214,mincost,5,0.0043708698358386755
j_2960895,28,0.7,8,142,maxflow_passes,1,0.0007468848489224911
j_2960895,28,0.7,8,142,maxflow_passes,2,0.0007424510549753904
j_2960895,28,0.7,8,142,maxflow_passes,3,0.0008100040722638369
j_2960895,28,0.7,8,142,maxflow_passes,4,0.0008557729888707399
j_2960895,28,0.7,8,142,maxflow_passes,5,0.0007537780329585075
j_2960895,28,0.7,8,142,mincost,1,0.001421620137989521
j_2960895,28,0.7,8,142,mincost,2,0.0014339019544422626
j_2960895,28,0.7,8,142,mincost,3,0.0014275910798460245
j_2960895,28,0.7,8,142,mincost,4,0.0013939770869910717
j_2960895,28,0.7,8,142,mincost,5,0.001393826911225915
j_751749,30,0.7,37,537,maxflow_passes,1,0.002712428104132414
j_751749,30,0.7,37,537,maxflow_passes,2,0.002631551818922162
j_751749,30,0.7,37,537,maxflow_passes,3,0.0026219089049845934
j_751749,30,0.7,37,537,maxflow_passes,4,0.002652105875313282
j_751749,30,0.7,37,537,maxflow_passes,5,0.0027342101093381643
j_751749,30,0.7,37,537,mincost,1,0.0061568079981952906
j_751749,30,0.7,37,537,mincost,2,0.006098079960793257
j_751749,30,0.7,37,537,mincost,3,0.006123644066974521
j_751749,30,0.7,37,537,mincost,4,0.006218915106728673
j_751749,30,0.7,37,537,mincost,5,0.006071405950933695
j_54682,31,0.7,8,187,maxflow_passes,1,0.0008198060095310211
j_54682,31,0.7,8,187,maxflow_passes,2,0.0008731309790164232
j_54682,31,0.7,8,187,maxflow_passes,3,0.0008595678955316544
j_54682,31,0.7,8,187,maxflow_passes,4,0.0008604179602116346
j_54682,31,0.7,8,187,maxflow_passes,5,0.0008832288440316916
j_54682,31,0.7,8,187,mincost,1,0.0018610658589750528
j_54682,31,0.7,8,187,mincost,2,0.0018500369042158127
j_54682,31,0.7,8,187,mincost,3,0.0018250858411192894
j_54682,31,0.7,8,187,mincost,4,0.0018078780267387629
j_54682,31,0.7,8,187,mincost,5,0.0018334861379116774
j_2981756,32,0.7,46,676,maxflow_passes,1,0.0036886679008603096
j_2981756,32,0.7,46,676,maxflow_passes,2,0.0033905638847500086
j_2981756,32,0.7,46,676,maxflow_passes,3,0.003415907034650445
j_2981756,32,0.7,46,676,maxflow_passes,4,0.00339133501984179
j_2981756,32,0.7,46,676,maxflow_passes,5,0.0034904771018773317
j_2981756,32,0.7,46,676,mincost,1,0.009471454191952944
j_2981756,32,0.7,46,676,mincost,2,0.010612745070829988
j_2981756,32,0.7,46,676,mincost,3,0.00992588303051889
j_2981756,32,0.7,46,676,mincost,4,0.010275956010445952
j_2981756,32,0.7,46,676,mincost,5,0.011436589062213898
j_1640561,34,0.7,14,263,maxflow_passes,1,0.0011043509002774954
j_1640561,34,0.7,14,263,maxflow_passes,2,0.0010937349870800972
j_1640561,34,0.7,14,263,maxflow_passes,3,0.0010816911235451698
j_1640561,34,0.7,14,263,maxflow_passes,4,0.001096975989639759
j_1640561,34,0.7,14,263,maxflow_passes,5,0.0010334658436477184
j_1640561,34,0.7,14,263,mincost,1,0.002932145958766341
j_1640561,34,0.7,14,263,mincost,2,0.0027883120346814394
j_1640561,34,0.7,14,263,mincost,3,0.0028644180856645107
j_1640561,34,0.7,14,263,mincost,4,0.002892468823119998
j_1640561,34,0.7,14,263,mincost,5,0.0027165799401700497
j_3015300,34,0.7,42,733,maxflow_passes,1,0.0030158639419823885
j_3015300,34,0.7,42,733,maxflow_passes,2,0.003080796916037798
j_3015300,34,0.7,42,733,maxflow_passes,3,0.003458184888586402
j_3015300,34,0.7,42,733,maxflow_passes,4,0.0032412810251116753
j_3015300,34,0.7,42,733,maxflow_passes,5,0.003424284979701042
j_3015300,34,0.7,42,733,mincost,1,0.009941996075212955
j_3015300,34,0.7,42,733,mincost,2,0.010060528991743922
j_3015300,34,0.7,42,733,mincost,3,0.009903594851493835
j_3015300,34,0.7,42,733,mincost,4,0.009998850990086794
j_3015300,34,0.7,42,733,mincost,5,0.009897986194118857
j_1262194,35,0.7,39,319,maxflow_passes,1,0.0018158000893890858
j_1262194,35,0.7,39,319,maxflow_passes,2,0.005439150147140026
j_1262194,35,0.7,39,319,maxflow_passes,3,0.001713787904009223
j_1262194,35,0.7,39,319,maxflow_passes,4,0.0017073070630431175
j_1262194,35,0.7,39,319,maxflow_passes,5,0.0017080700490623713
j_1262194,35,0.7,39,319,mincost,1,0.006556865060701966
j_1262194,35,0.7,39,319,mincost,2,0.006192718865349889
j_1262194,35,0.7,39,319,mincost,3,0.006491565145552158
j_1262194,35,0.7,39,319,mincost,4,0.00615967414341867
j_1262194,35,0.7,39,319,mincost,5,0.006553826853632927
j_2272274,35,0.7,19,411,maxflow_passes,1,0.001540004974231124
j_2272274,35,0.7,19,411,maxflow_passes,2,0.0015737367793917656
j_2272274,35,0.7,19,411,maxflow_passes,3,0.0014801109209656715
j_2272274,35,0.7,19,411,maxflow_passes,4,0.0016084129456430674
j_2272274,35,0.7,19,411,maxflow_passes,5,0.0014956959057599306
j_2272274,35,0.7,19,411,mincost,1,0.004060362000018358
j_2272274,35,0.7,19,411,mincost,2,0.004012999823316932
j_2272274,35,0.7,19,411,mincost,3,0.0038557318039238453
j_2272274,35,0.7,19,411,mincost,4,0.004095025127753615
j_2272274,35,0.7,19,411,mincost,5,0.0042297919280827045
j_2817498,36,0.7,40,660,maxflow_passes,1,0.003347977064549923
j_2817498,36,0.7,40,660,maxflow_passes,2,0.0031386399641633034
j_2817498,36,0.7,40,660,maxflow_passes,3,0.0032107180450111628
j_2817498,36,0.7,40,660,maxflow_passes,4,0.003114508930593729
j_2817498,36,0.7,40,660,maxflow_passes,5,0.00320488796569407
j_2817498,36,0.7,40,660,mincost,1,0.008901078952476382
j_2817498,36,0.7,40,660,mincost,2,0.008742252131924033
j_2817498,36,0.7,40,660,mincost,3,0.008722767001017928
j_2817498,36,0.7,40,660,mincost,4,0.008615135913714767
j_2817498,36,0.7,40,660,mincost,5,0.00890167779289186
j_2769221,37,0.7,73,161,maxflow_passes,1,0.0015292929019778967
j_2769221,37,0.7,73,161,maxflow_passes,2,0.0015261778607964516
j_2769221,37,0.7,73,161,maxflow_passes,3,0.0015826800372451544
j_2769221,37,0.7,73,161,maxflow_passes,4,0.0015317958313971758
j_2769221,37,0.7,73,161,maxflow_passes,5,0.0015186781529337168
j_2769221,37,0.7,73,161,mincost,1,0.006435217801481485
j_2769221,37,0.7,73,161,mincost,2,0.006372147938236594
j_2769221,37,0.7,73,161,mincost,3,0.006268803030252457
j_2769221,37,0.7,73,161,mincost,4,0.006320080021396279
j_2769221,37,0.7,73,161,mincost,5,0.006563812028616667
j_2834904,37,0.7,75,140,maxflow_passes,1,0.0014572059735655785
j_2834904,37,0.7,75,140,maxflow_passes,2,0.0014458021614700556
j_2834904,37,0.7,75,140,maxflow_passes,3,0.001414853148162365
j_2834904,37,0.7,75,140,maxflow_passes,4,0.0014636009000241756
j_2834904,37,0.7,75,140,maxflow_passes,5,0.0013686488382518291
j_2834904,37,0.7,75,140,mincost,1,0.006063602166250348
j_2834904,37,0.7,75,140,mincost,2,0.0059463270008563995
j_2834904,37,0.7,75,140,mincost,3,0.006113761104643345
j_2834904,37,0.7,75,140,mincost,4,0.006223567062988877
j_2834904,37,0.7,75,140,mincost,5,0.006742179859429598
j_359661,37,0.7,32,485,maxflow_passes,1,0.0025119041092693806
j_359661,37,0.7,32,485,maxflow_passes,2,0.002536121988669038
j_359661,37,0.7,32,485,maxflow_passes,3,0.0024828200694173574
j_359661,37,0.7,32,485,maxflow_passes,4,0.0024651282001286745
j_359661,37,0.7,32,485,maxflow_passes,5,0.0025941808708012104
j_359661,37,0.7,32,485,mincost,1,0.007352972170338035
j_359661,37,0.7,32,485,mincost,2,0.007320683915168047
j_359661,37,0.7,32,485,mincost,3,0.006910369032993913
j_359661,37,0.7,32,485,mincost,4,0.007118148962035775
j_359661,37,0.7,32,485,mincost,5,0.006929693045094609
j_3226553,38,0.7,50,971,maxflow_passes,1,0.004512310028076172
j_3226553,38,0.7,50,971,maxflow_passes,2,0.0043958809692412615
j_3226553,38,0.7,50,971,maxflow_passes,3,0.004550402984023094
j_3226553,38,0.7,50,971,maxflow_passes,4,0.004509706050157547
j_3226553,38,0.7,50,971,maxflow_passes,5,0.004406817024573684
j_3226553,38,0.7,50,971,mincost,1,0.01787720201537013
j_3226553,38,0.7,50,971,mincost,2,0.017107468098402023
j_3226553,38,0.7,50,971,mincost,3,0.017559333005920053
j_3226553,38,0.7,50,971,mincost,4,0.018581300042569637
j_3226553,38,0.7,50,971,mincost,5,0.017914930125698447
j_1441225,39,0.7,70,196,maxflow_passes,1,0.0022586171980947256
j_1441225,39,0.7,70,196,maxflow_passes,2,0.002120498102158308
j_1441225,39,0.7,70,196,maxflow_passes,3,0.0021693320013582706
j_1441225,39,0.7,70,196,maxflow_passes,4,0.0020379500929266214
j_1441225,39,0.7,70,196,maxflow_passes,5,0.0020422530360519886
j_1441225,39,0.7,70,196,mincost,1,0.0076144300401210785
j_1441225,39,0.7,70,196,mincost,2,0.007526404922828078
j_1441225,39,0.7,70,196,mincost,3,0.007738935062661767
j_1441225,39,0.7,70,196,mincost,4,0.008009783923625946
j_1441225,39,0.7,70,196,mincost,5,0.007435227045789361
j_1797244,39,0.7,51,946,maxflow_passes,1,0.004058758029714227
j_1797244,39,0.7,51,946,maxflow_passes,2,0.003922457806766033
j_1797244,39,0.7,51,946,maxflow_passes,3,0.003937560133635998
j_1797244,39,0.7,51,946,maxflow_passes,4,0.007200872991234064
j_1797244,39,0.7,51,946,maxflow_passes,5,0.004154611146077514
j_1797244,39,0.7,51,946,mincost,1,0.014225050108507276
j_1797244,39,0.7,51,946,mincost,2,0.013910688925534487
j_1797244,39,0.7,51,946,mincost,3,0.013837357051670551
j_1797244,39,0.7,51,946,mincost,4,0.014332545921206474
j_1797244,39,0.7,51,946,mincost,5,0.013840611092746258
j_2426932,40,0.7,57,902,maxflow_passes,1,0.003711431985720992
j_2426932,40,0.7,57,902,maxflow_passes,2,0.0038843729998916388
j_2426932,40,0.7,57,902,maxflow_passes,3,0.0038530700840055943
j_2426932,40,0.7,57,902,maxflow_passes,4,0.003901311894878745
j_2426932,40,0.7,57,902,maxflow_passes,5,0.004105183994397521
j_2426932,40,0.7,57,902,mincost,1,0.017248941119760275
j_2426932,40,0.7,57,902,mincost,2,0.01697531691752374
j_2426932,40,0.7,57,902,mincost,3,0.016144260996952653
j_2426932,40,0.7,57,902,mincost,4,0.01662197499535978
j_2426932,40,0.7,57,902,mincost,5,0.01644238200969994
j_3479024,40,0.7,70,155,maxflow_passes,1,0.001720665954053402
j_3479024,40,0.7,70,155,maxflow_passes,2,0.00171711016446352
j_3479024,40,0.7,70,155,maxflow_passes,3,0.0017886660061776638
j_3479024,40,0.7,70,155,maxflow_passes,4,0.0017567339818924665
j_3479024,40,0.7,70,155,maxflow_passes,5,0.0017782188951969147
j_3479024,40,0.7,70,155,mincost,1,0.006533162901178002
j_3479024,40,0.7,70,155,mincost,2,0.00737484497949481
j_3479024,40,0.7,70,155,mincost,3,0.006457227049395442
j_3479024,40,0.7,70,155,mincost,4,0.006202023010700941
j_3479024,40,0.7,70,155,mincost,5,0.005777376005426049
j_1202459,42,0.7,8,251,maxflow_passes,1,0.0011158869601786137
j_1202459,42,0.7,8,251,maxflow_passes,2,0.0011459370143711567
j_1202459,42,0.7,8,251,maxflow_passes,3,0.0011626039631664753
j_1202459,42,0.7,8,251,maxflow_passes,4,0.0011678528971970081
j_1202459,42,0.7,8,251,maxflow_passes,5,0.0010815379209816456
j_1202459,42,0.7,8,251,mincost,1,0.002913589123636484
j_1202459,42,0.7,8,251,mincost,2,0.0028109229169785976
j_1202459,42,0.7,8,251,mincost,3,0.0031745689921081066
j_1202459,42,0.7,8,251,mincost,4,0.0030521198641508818
j_1202459,42,0.7,8,251,mincost,5,0.00296358997002244
j_1280776,42,0.7,56,1167,maxflow_passes,1,0.004795998102054
j_1280776,42,0.7,56,1167,maxflow_passes,2,0.004616060992702842
j_1280776,42,0.7,56,1167,maxflow_passes,3,0.004414577968418598
j_1280776,42,0.7,56,1167,maxflow_passes,4,0.004507879028096795
j_1280776,42,0.7,56,1167,maxflow_passes,5,0.0047606718726456165
j_1280776,42,0.7,56,1167,mincost,1,0.01763909193687141
j_1280776,42,0.7,56,1167,mincost,2,0.017639810917899013
j_1280776,42,0.7,56,1167,mincost,3,0.017822254914790392
j_1280776,42,0.7,56,1167,mincost,4,0.01755726314149797
j_1280776,42,0.7,56,1167,mincost,5,0.01871676603332162
j_617283,44,0.7,28,100,maxflow_passes,1,0.0008332559373229742
j_617283,44,0.7,28,100,maxflow_passes,2,0.0008320130873471498
j_617283,44,0.7,28,100,maxflow_passes,3,0.0008300121407955885
j_617283,44,0.7,28,100,maxflow_passes,4,0.0008918149396777153
j_617283,44,0.7,28,100,maxflow_passes,5,0.0008737591560930014
j_617283,44,0.7,28,100,mincost,1,0.002432923996821046
j_617283,44,0.7,28,100,mincost,2,0.0024601579643785954
j_617283,44,0.7,28,100,mincost,3,0.002323797205463052
j_617283,44,0.7,28,100,mincost,4,0.002337538870051503
j_617283,44,0.7,28,100,mincost,5,0.002321847015991807
j_1031110,46,0.7,58,1107,maxflow_passes,1,0.005943547934293747
j_1031110,46,0.7,58,1107,maxflow_passes,2,0.006036935141310096
j_1031110,46,0.7,58,1107,maxflow_passes,3,0.005874388851225376
j_1031110,46,0.7,58,1107,maxflow_passes,4,0.006192059023305774
j_1031110,46,0.7,58,1107,maxflow_passes,5,0.005885032936930656
j_1031110,46,0.7,58,1107,mincost,1,0.022737250896170735
j_1031110,46,0.7,58,1107,mincost,2,0.022581664845347404
j_1031110,46,0.7,58,1107,mincost,3,0.02532472088932991
j_1031110,46,0.7,58,1107,mincost,4,0.022862594109028578
j_1031110,46,0.7,58,1107,mincost,5,0.02259688009507954
j_3250895,47,0.7,17,119,maxflow_passes,1,0.0010019629262387753
j_3250895,47,0.7,17,119,maxflow_passes,2,0.0009782691486179829
j_3250895,47,0.7,17,119,maxflow_passes,3,0.0010016218293458223
j_3250895,47,0.7,17,119,maxflow_passes,4,0.0010261849965900183
j_3250895,47,0.7,17,119,maxflow_passes,5,0.0010010688565671444
j_3250895,47,0.7,17,119,mincost,1,0.002771297935396433
j_3250895,47,0.7,17,119,mincost,2,0.0026911809109151363
j_3250895,47,0.7,17,119,mincost,3,0.0027458250988274813
j_3250895,47,0.7,17,119,mincost,4,0.0027573821134865284
j_3250895,47,0.7,17,119,mincost,5,0.002699321834370494
j_960593,48,0.7,67,383,maxflow_passes,1,0.0025662819389253855
j_960593,48,0.7,67,383,maxflow_passes,2,0.0025949100963771343
j_960593,48,0.7,67,383,maxflow_passes,3,0.0023936009965837
j_960593,48,0.7,67,383,maxflow_passes,4,0.0024051808286458254
j_960593,48,0.7,67,383,maxflow_passes,5,0.0023908119183033705
j_960593,48,0.7,67,383,mincost,1,0.007003581849858165
j_960593,48,0.7,67,383,mincost,2,0.007190113887190819
j_960593,48,0.7,67,383,mincost,3,0.007390829036012292
j_960593,48,0.7,67,383,mincost,4,0.007256970042362809
j_960593,48,0.7,67,383,mincost,5,0.007204621797427535
j_361711,49,0.7,14,382,maxflow_passes,1,0.0018096179701387882
j_361711,49,0.7,14,382,maxflow_passes,2,0.0016423000488430262
j_361711,49,0.7,14,382,maxflow_passes,3,0.0017633128445595503
j_361711,49,0.7,14,382,maxflow_passes,4,0.0017920250538736582
j_361711,49,0.7,14,382,maxflow_passes,5,0.0017700940370559692
j_361711,49,0.7,14,382,mincost,1,0.005111883161589503
j_361711,49,0.7,14,382,mincost,2,0.005303805926814675
j_361711,49,0.7,14,382,mincost,3,0.004974320996552706
j_361711,49,0.7,14,382,mincost,4,0.005077694077044725
j_361711,49,0.7,14,382,mincost,5,0.005321145989000797
j_3959694,50,0.7,42,1280,maxflow_passes,1,0.004933448974043131
j_3959694,50,0.7,42,1280,maxflow_passes,2,0.0049910577945411205
j_3959694,50,0.7,42,1280,maxflow_passes,3,0.004852305166423321
j_3959694,50,0.7,42,1280,maxflow_passes,4,0.004870977019891143
j_3959694,50,0.7,42,1280,maxflow_passes,5,0.004814286949113011
j_3959694,50,0.7,42,1280,mincost,1,0.017557048005983233
j_3959694,50,0.7,42,1280,mincost,2,0.017291859025135636
j_3959694,50,0.7,42,1280,mincost,3,0.01757568889297545
j_3959694,50,0.7,42,1280,mincost,4,0.01813563401810825
j_3959694,50,0.7,42,1280,mincost,5,0.017832683166489005
j_1311541,51,0.7,81,292,maxflow_passes,1,0.0023834321182221174
j_1311541,51,0.7,81,292,maxflow_passes,2,0.002349338959902525
j_1311541,51,0.7,81,292,maxflow_passes,3,0.0024163019843399525
j_1311541,51,0.7,81,292,maxflow_passes,4,0.00235943915322423
j_1311541,51,0.7,81,292,maxflow_passes,5,0.002378226025030017
j_1311541,51,0.7,81,292,mincost,1,0.011262867134064436
j_1311541,51,0.7,81,292,mincost,2,0.011054027127102017
j_1311541,51,0.7,81,292,mincost,3,0.011114959139376879
j_1311541,51,0.7,81,292,mincost,4,0.01100572687573731
j_1311541,51,0.7,81,292,mincost,5,0.011480218963697553
j_1880665,53,0.7,36,756,maxflow_passes,1,0.004126491025090218
j_1880665,53,0.7,36,756,maxflow_passes,2,0.004018764011561871
j_1880665,53,0.7,36,756,maxflow_passes,3,0.003946223994717002
j_1880665,53,0.7,36,756,maxflow_passes,4,0.004057029029354453
j_1880665,53,0.7,36,756,maxflow_passes,5,0.004007196985185146
j_1880665,53,0.7,36,756,mincost,1,0.01373283308930695
j_1880665,53,0.7,36,756,mincost,2,0.013108907965943217
j_1880665,53,0.7,36,756,mincost,3,0.013006321154534817
j_1880665,53,0.7,36,756,mincost,4,0.014099576976150274
j_1880665,53,0.7,36,756,mincost,5,0.013996029971167445
j_3658843,53,0.7,61,1798,maxflow_passes,1,0.006626945920288563
j_3658843,53,0.7,61,1798,maxflow_passes,2,0.01016457611694932
j_3658843,53,0.7,61,1798,maxflow_passes,3,0.006882956949993968
j_3658843,53,0.7,61,1798,maxflow_passes,4,0.006617615930736065
j_3658843,53,0.7,61,1798,maxflow_passes,5,0.006635580910369754
j_3658843,53,0.7,61,1798,mincost,1,0.027187221916392446
j_3658843,53,0.7,61,1798,mincost,2,0.02616349793970585
j_3658843,53,0.7,61,1798,mincost,3,0.026375493966042995
j_3658843,53,0.7,61,1798,mincost,4,0.02697399095632136
j_3658843,53,0.7,61,1798,mincost,5,0.026516536017879844
j_3426841,54,0.7,13,369,maxflow_passes,1,0.001944157062098384
j_3426841,54,0.7,13,369,maxflow_passes,2,0.00196041795425117
j_3426841,54,0.7,13,369,maxflow_passes,3,0.0018587859813123941
j_3426841,54,0.7,13,369,maxflow_passes,4,0.0018513088580220938
j_3426841,54,0.7,13,369,maxflow_passes,5,0.0018493528477847576
j_3426841,54,0.7,13,369,mincost,1,0.006156258983537555
j_3426841,54,0.7,13,369,mincost,2,0.006092002149671316
j_3426841,54,0.7,13,369,mincost,3,0.0061925551854074
j_3426841,54,0.7,13,369,mincost,4,0.006273179082199931
j_3426841,54,0.7,13,369,mincost,5,0.006199379917234182
j_1011050,55,0.7,73,634,maxflow_passes,1,0.004481964046135545
j_1011050,55,0.7,73,634,maxflow_passes,2,0.004252617945894599
j_1011050,55,0.7,73,634,maxflow_passes,3,0.0042531839571893215
j_1011050,55,0.7,73,634,maxflow_passes,4,0.004247947130352259
j_1011050,55,0.7,73,634,maxflow_passes,5,0.004381307866424322
j_1011050,55,0.7,73,634,mincost,1,0.02258764416910708
j_1011050,55,0.7,73,634,mincost,2,0.022511346032842994
j_1011050,55,0.7,73,634,mincost,3,0.022519164951518178
j_1011050,55,0.7,73,634,mincost,4,0.022610537940636277
j_1011050,55,0.7,73,634,mincost,5,0.023162338184192777
j_1079650,56,0.7,60,1606,maxflow_passes,1,0.006933789933100343
j_1079650,56,0.7,60,1606,maxflow_passes,2,0.006868961965665221
j_1079650,56,0.7,60,1606,maxflow_passes,3,0.006762409117072821
j_1079650,56,0.7,60,1606,maxflow_passes,4,0.0069204389583319426
j_1079650,56,0.7,60,1606,maxflow_passes,5,0.006970362970605493
j_1079650,56,0.7,60,1606,mincost,1,0.031690052011981606
j_1079650,56,0.7,60,1606,mincost,2,0.030568852089345455
j_1079650,56,0.7,60,1606,mincost,3,0.033859194023534656
j_1079650,56,0.7,60,1606,mincost,4,0.03033526288345456
j_1079650,56,0.7,60,1606,mincost,5,0.030398322036489844
j_2176219,56,0.7,59,1429,maxflow_passes,1,0.006187533959746361
j_2176219,56,0.7,59,1429,maxflow_passes,2,0.006454291986301541
j_2176219,56,0.7,59,1429,maxflow_passes,3,0.006220316048711538
j_2176219,56,0.7,59,1429,maxflow_passes,4,0.0062240371480584145
j_2176219,56,0.7,59,1429,maxflow_passes,5,0.006342325126752257
j_2176219,56,0.7,59,1429,mincost,1,0.03037920710630715
j_2176219,56,0.7,59,1429,mincost,2,0.031017767963930964
j_2176219,56,0.7,59,1429,mincost,3,0.03057752805761993
j_2176219,56,0.7,59,1429,mincost,4,0.031195480143651366
j_2176219,56,0.7,59,1429,mincost,5,0.0304000040050596
j_467376,57,0.7,48,318,maxflow_passes,1,0.001898827962577343
j_467376,57,0.7,48,318,maxflow_passes,2,0.0018609079997986555
j_467376,57,0.7,48,318,maxflow_passes,3,0.0018557191360741854
j_467376,57,0.7,48,318,maxflow_passes,4,0.001859928946942091
j_467376,57,0.7,48,318,maxflow_passes,5,0.001959549030289054
j_467376,57,0.7,48,318,mincost,1,0.008620792999863625
j_467376,57,0.7,48,318,mincost,2,0.008717315038666129
j_467376,57,0.7,48,318,mincost,3,0.008503048913553357
j_467376,57,0.7,48,318,mincost,4,0.00846530101262033
j_467376,57,0.7,48,318,mincost,5,0.008594786049798131
j_87442,58,0.7,57,1864,maxflow_passes,1,0.008474715054035187
j_87442,58,0.7,57,1864,maxflow_passes,2,0.008880674839019775
j_87442,58,0.7,57,1864,maxflow_passes,3,0.008853277890011668
j_87442,58,0.7,57,1864,maxflow_passes,4,0.008716951822862029
j_87442,58,0.7,57,1864,maxflow_passes,5,0.00873260898515582
j_87442,58,0.7,57,1864,mincost,1,0.034533246885985136
j_87442,58,0.7,57,1864,mincost,2,0.03573644510470331
j_87442,58,0.7,57,1864,mincost,3,0.034715613117441535
j_87442,58,0.7,57,1864,mincost,4,0.03484059986658394
j_87442,58,0.7,57,1864,mincost,5,0.038295391015708447
j_1809609,59,0.7,87,2110,maxflow_passes,1,0.01021717581897974
j_1809609,59,0.7,87,2110,maxflow_passes,2,0.01045503793284297
j_1809609,59,0.7,87,2110,maxflow_passes,3,0.010705670807510614
j_1809609,59,0.7,87,2110,maxflow_passes,4,0.010400919942185283
j_1809609,59,0.7,87,2110,maxflow_passes,5,0.010159268975257874
j_1809609,59,0.7,87,2110,mincost,1,0.05230879504233599
j_1809609,59,0.7,87,2110,mincost,2,0.05476285214535892
j_1809609,59,0.7,87,2110,mincost,3,0.052274903981015086
j_1809609,59,0.7,87,2110,mincost,4,0.05297372117638588
j_1809609,59,0.7,87,2110,mincost,5,0.05208637402392924
j_1075202,62,0.7,70,2277,maxflow_passes,1,0.011907356092706323
j_1075202,62,0.7,70,2277,maxflow_passes,2,0.012802609009668231
j_1075202,62,0.7,70,2277,maxflow_passes,3,0.012535868911072612
j_1075202,62,0.7,70,2277,maxflow_passes,4,0.012669458985328674
j_1075202,62,0.7,70,2277,maxflow_passes,5,0.012254454893991351
j_1075202,62,0.7,70,2277,mincost,1,0.058339260052889585
j_1075202,62,0.7,70,2277,mincost,2,0.05596672906540334
j_1075202,62,0.7,70,2277,mincost,3,0.057593872072175145
j_1075202,62,0.7,70,2277,mincost,4,0.055312677985057235
j_1075202,62,0.7,70,2277,mincost,5,0.057386358035728335
j_1110038,62,0.7,68,2273,maxflow_passes,1,0.014497128082439303
j_1110038,62,0.7,68,2273,maxflow_passes,2,0.015896409982815385
j_1110038,62,0.7,68,2273,maxflow_passes,3,0.016113932942971587
j_1110038,62,0.7,68,2273,maxflow_passes,4,0.01877108495682478
j_1110038,62,0.7,68,2273,maxflow_passes,5,0.01613423810340464
j_1110038,62,0.7,68,2273,mincost,1,0.06713300291448832
j_1110038,62,0.7,68,2273,mincost,2,0.06789424503222108
j_1110038,62,0.7,68,2273,mincost,3,0.06665059016086161
j_1110038,62,0.7,68,2273,mincost,4,0.07069139904342592
j_1110038,62,0.7,68,2273,mincost,5,0.0671373400837183
j_155829,62,0.7,65,2321,maxflow_passes,1,0.010980463121086359
j_155829,62,0.7,65,2321,maxflow_passes,2,0.015004659071564674
j_155829,62,0.7,65,2321,maxflow_passes,3,0.011034832103177905
j_155829,62,0.7,65,2321,maxflow_passes,4,0.010679953964427114
j_155829,62,0.7,65,2321,maxflow_passes,5,0.01078272215090692
j_155829,62,0.7,65,2321,mincost,1,0.06205793609842658
j_155829,62,0.7,65,2321,mincost,2,0.06264496594667435
j_155829,62,0.7,65,2321,mincost,3,0.06268389103934169
j_155829,62,0.7,65,2321,mincost,4,0.06261319317854941
j_155829,62,0.7,65,2321,mincost,5,0.06221380899660289
j_2334687,62,0.7,66,2287,maxflow_passes,1,0.012459804071113467
j_2334687,62,0.7,66,2287,maxflow_passes,2,0.012935893144458532
j_2334687,62,0.7,66,2287,maxflow_passes,3,0.012243688805028796
j_2334687,62,0.7,66,2287,maxflow_passes,4,0.011938487878069282
j_2334687,62,0.7,66,2287,maxflow_passes,5,0.0117288779001683
j_2334687,62,0.7,66,2287,mincost,1,0.05608664220198989
j_2334687,62,0.7,66,2287,mincost,2,0.05762667395174503
j_2334687,62,0.7,66,2287,mincost,3,0.05430510500445962
j_2334687,62,0.7,66,2287,mincost,4,0.05378469196148217
j_2334687,62,0.7,66,2287,mincost,5,0.05380307091400027
j_3630095,62,0.7,47,1054,maxflow_passes,1,0.005420767934992909
j_3630095,62,0.7,47,1054,maxflow_passes,2,0.005332218017429113
j_3630095,62,0.7,47,1054,maxflow_passes,3,0.005306642036885023
j_3630095,62,0.7,47,1054,maxflow_passes,4,0.005293451016768813
j_3630095,62,0.7,47,1054,maxflow_passes,5,0.005270365858450532
j_3630095,62,0.7,47,1054,mincost,1,0.020723659079521894
j_3630095,62,0.7,47,1054,mincost,2,0.02091135596856475
j_3630095,62,0.7,47,1054,mincost,3,0.02160611399449408
j_3630095,62,0.7,47,1054,mincost,4,0.02134647313505411
j_3630095,62,0.7,47,1054,mincost,5,0.021757592214271426
j_86184,62,0.7,61,2159,maxflow_passes,1,0.009746598079800606
j_86184,62,0.7,61,2159,maxflow_passes,2,0.009498907951638103
j_86184,62,0.7,61,2159,maxflow_passes,3,0.009819523897022009
j_86184,62,0.7,61,2159,maxflow_passes,4,0.009777571074664593
j_86184,62,0.7,61,2159,maxflow_passes,5,0.009948007063940167
j_86184,62,0.7,61,2159,mincost,1,0.04918908700346947
j_86184,62,0.7,61,2159,mincost,2,0.048581581097096205
j_86184,62,0.7,61,2159,mincost,3,0.049552096985280514
j_86184,62,0.7,61,2159,mincost,4,0.05199772794730961
j_86184,62,0.7,61,2159,mincost,5,0.050241411197930574
j_1779584,63,0.7,54,1169,maxflow_passes,1,0.00481987907551229
j_1779584,63,0.7,54,1169,maxflow_passes,2,0.004786360077559948
j_1779584,63,0.7,54,1169,maxflow_passes,3,0.00468503194861114
j_1779584,63,0.7,54,1169,maxflow_passes,4,0.004744414938613772
j_1779584,63,0.7,54,1169,maxflow_passes,5,0.004774061031639576
j_1779584,63,0.7,54,1169,mincost,1,0.020209026988595724
j_1779584,63,0.7,54,1169,mincost,2,0.01953784190118313
j_1779584,63,0.7,54,1169,mincost,3,0.019935139920562506
j_1779584,63,0.7,54,1169,mincost,4,0.021141220116987824
j_1779584,63,0.7,54,1169,mincost,5,0.02031549601815641
j_2007863,63,0.7,43,858,maxflow_passes,1,0.0039231579285115
j_2007863,63,0.7,43,858,maxflow_passes,2,0.003842931007966399
j_2007863,63,0.7,43,858,maxflow_passes,3,0.003878579009324312
j_2007863,63,0.7,43,858,maxflow_passes,4,0.003870458109304309
j_2007863,63,0.7,43,858,maxflow_passes,5,0.003986781928688288
j_2007863,63,0.7,43,858,mincost,1,0.015193821163848042
j_2007863,63,0.7,43,858,mincost,2,0.01504659396596253
j_2007863,63,0.7,43,858,mincost,3,0.014431041898205876
j_2007863,63,0.7,43,858,mincost,4,0.014616857981309295
j_2007863,63,0.7,43,858,mincost,5,0.01423136587254703
j_587443,63,0.7,56,1157,maxflow_passes,1,0.004988124128431082
j_587443,63,0.7,56,1157,maxflow_passes,2,0.004998204065486789
j_587443,63,0.7,56,1157,maxflow_passes,3,0.0052274009212851524
j_587443,63,0.7,56,1157,maxflow_passes,4,0.005219261860474944
j_587443,63,0.7,56,1157,maxflow_passes,5,0.00498866499401629
j_587443,63,0.7,56,1157,mincost,1,0.020079387817531824
j_587443,63,0.7,56,1157,mincost,2,0.019442723132669926
j_587443,63,0.7,56,1157,mincost,3,0.020135447848588228
j_587443,63,0.7,56,1157,mincost,4,0.019729766994714737
j_587443,63,0.7,56,1157,mincost,5,0.019852694822475314
j_340335,64,0.7,75,2311,maxflow_passes,1,0.012905868934467435
j_340335,64,0.7,75,2311,maxflow_passes,2,0.012634894112125039
j_340335,64,0.7,75,2311,maxflow_passes,3,0.015996797941625118
j_340335,64,0.7,75,2311,maxflow_passes,4,0.012805589940398932
j_340335,64,0.7,75,2311,maxflow_passes,5,0.012754000956192613
j_340335,64,0.7,75,2311,mincost,1,0.06274274294264615
j_340335,64,0.7,75,2311,mincost,2,0.06111784395761788
j_340335,64,0.7,75,2311,mincost,3,0.06043086410500109
j_340335,64,0.7,75,2311,mincost,4,0.06028168695047498
j_340335,64,0.7,75,2311,mincost,5,0.06122535699978471
j_1660418,67,0.7,90,602,maxflow_passes,1,0.002783574163913727
j_1660418,67,0.7,90,602,maxflow_passes,2,0.002689052140340209
j_1660418,67,0.7,90,602,maxflow_passes,3,0.002760108094662428
j_1660418,67,0.7,90,602,maxflow_passes,4,0.002704849001020193
j_1660418,67,0.7,90,602,maxflow_passes,5,0.002687367144972086
j_1660418,67,0.7,90,602,mincost,1,0.013209632132202387
j_1660418,67,0.7,90,602,mincost,2,0.013377759838476777
j_1660418,67,0.7,90,602,mincost,3,0.013560716062784195
j_1660418,67,0.7,90,602,mincost,4,0.013231345918029547
j_1660418,67,0.7,90,602,mincost,5,0.014217807911336422
j_3752939,67,0.7,87,465,maxflow_passes,1,0.0029419190250337124
j_3752939,67,0.7,87,465,maxflow_passes,2,0.003030820982530713
j_3752939,67,0.7,87,465,maxflow_passes,3,0.0030410869512706995
j_3752939,67,0.7,87,465,maxflow_passes,4,0.0030842579435557127
j_3752939,67,0.7,87,465,maxflow_passes,5,0.0030123009346425533
j_3752939,67,0.7,87,465,mincost,1,0.015446651028469205
j_3752939,67,0.7,87,465,mincost,2,0.015039640013128519
j_3752939,67,0.7,87,465,mincost,3,0.01476480602286756
j_3752939,67,0.7,87,465,mincost,4,0.014628669014200568
j_3752939,67,0.7,87,465,mincost,5,0.014350017067044973
j_2806824,72,0.7,132,5007,maxflow_passes,1,0.02456177002750337
j_2806824,72,0.7,132,5007,maxflow_passes,2,0.025253436993807554
j_2806824,72,0.7,132,5007,maxflow_passes,3,0.02554933400824666
j_2806824,72,0.7,132,5007,maxflow_passes,4,0.024950395803898573
j_2806824,72,0.7,132,5007,maxflow_passes,5,0.02390922582708299
j_2806824,72,0.7,132,5007,mincost,1,0.2519856251310557
j_2806824,72,0.7,132,5007,mincost,2,0.2476738861296326
j_2806824,72,0.7,132,5007,mincost,3,0.2542482209391892
j_2806824,72,0.7,132,5007,mincost,4,0.257892546011135
j_2806824,72,0.7,132,5007,mincost,5,0.26114787394180894
j_3487479,72,0.7,130,4940,maxflow_passes,1,0.025746434926986694
j_3487479,72,0.7,130,4940,maxflow_passes,2,0.030453096143901348
j_3487479,72,0.7,130,4940,maxflow_passes,3,0.02496297098696232
j_3487479,72,0.7,130,4940,maxflow_passes,4,0.025006734067574143
j_3487479,72,0.7,130,4940,maxflow_passes,5,0.024777404963970184
j_3487479,72,0.7,130,4940,mincost,1,0.20755928102880716
j_3487479,72,0.7,130,4940,mincost,2,0.206474837847054
j_3487479,72,0.7,130,4940,mincost,3,0.2147858631797135
j_3487479,72,0.7,130,4940,mincost,4,0.20860076183453202
j_3487479,72,0.7,130,4940,mincost,5,0.21331515000201762
j_132660,75,0.7,78,321,maxflow_passes,1,0.003071510000154376
j_132660,75,0.7,78,321,maxflow_passes,2,0.0031068678945302963
j_132660,75,0.7,78,321,maxflow_passes,3,0.003052018117159605
j_132660,75,0.7,78,321,maxflow_passes,4,0.003463878994807601
j_132660,75,0.7,78,321,maxflow_passes,5,0.003288340987637639
j_132660,75,0.7,78,321,mincost,1,0.0143978800624609
j_132660,75,0.7,78,321,mincost,2,0.014662128873169422
j_132660,75,0.7,78,321,mincost,3,0.014802302001044154
j_132660,75,0.7,78,321,mincost,4,0.014796790899708867
j_132660,75,0.7,78,321,mincost,5,0.014466575114056468
j_4115511,76,0.7,54,204,maxflow_passes,1,0.002045901957899332
j_4115511,76,0.7,54,204,maxflow_passes,2,0.00194674008525908
j_4115511,76,0.7,54,204,maxflow_passes,3,0.0019176669884473085
j_4115511,76,0.7,54,204,maxflow_passes,4,0.001980758039280772
j_4115511,76,0.7,54,204,maxflow_passes,5,0.0020027928985655308
j_4115511,76,0.7,54,204,mincost,1,0.008802369004115462
j_4115511,76,0.7,54,204,mincost,2,0.009070697007700801
j_4115511,76,0.7,54,204,mincost,3,0.008959030965343118
j_4115511,76,0.7,54,204,mincost,4,0.009298404911532998
j_4115511,76,0.7,54,204,mincost,5,0.009167391108348966
j_3742440,78,0.7,81,3443,maxflow_passes,1,0.01820760010741651
j_3742440,78,0.7,81,3443,maxflow_passes,2,0.017698568059131503
j_3742440,78,0.7,81,3443,maxflow_passes,3,0.0182220209389925
j_3742440,78,0.7,81,3443,maxflow_passes,4,0.01773107796907425
j_3742440,78,0.7,81,3443,maxflow_passes,5,0.021907740039750934
j_3742440,78,0.7,81,3443,mincost,1,0.1314815958030522
j_3742440,78,0.7,81,3443,mincost,2,0.13127142703160644
j_3742440,78,0.7,81,3443,mincost,3,0.12576854205690324
j_3742440,78,0.7,81,3443,mincost,4,0.12617965205572546
j_3742440,78,0.7,81,3443,mincost,5,0.12657742388546467
j_1611649,79,0.7,50,1374,maxflow_passes,1,0.006151687819510698
j_1611649,79,0.7,50,1374,maxflow_passes,2,0.006335997022688389
j_1611649,79,0.7,50,1374,maxflow_passes,3,0.0060282680206000805
j_1611649,79,0.7,50,1374,maxflow_passes,4,0.006129782181233168
j_1611649,79,0.7,50,1374,maxflow_passes,5,0.006727358093485236
j_1611649,79,0.7,50,1374,mincost,1,0.030614834977313876
j_1611649,79,0.7,50,1374,mincost,2,0.030683757038787007
j_1611649,79,0.7,50,1374,mincost,3,0.031152425101026893
j_1611649,79,0.7,50,1374,mincost,4,0.030506442999467254
j_1611649,79,0.7,50,1374,mincost,5,0.03010425204411149
j_1723122,79,0.7,54,1617,maxflow_passes,1,0.011361976154148579
j_1723122,79,0.7,54,1617,maxflow_passes,2,0.007442577043548226
j_1723122,79,0.7,54,1617,maxflow_passes,3,0.007502626860514283
j_1723122,79,0.7,54,1617,maxflow_passes,4,0.007636781083419919
j_1723122,79,0.7,54,1617,maxflow_passes,5,0.007502662017941475
j_1723122,79,0.7,54,1617,mincost,1,0.03693031403236091
j_1723122,79,0.7,54,1617,mincost,2,0.0365244229324162
j_1723122,79,0.7,54,1617,mincost,3,0.036514763021841645
j_1723122,79,0.7,54,1617,mincost,4,0.036371751921251416
j_1723122,79,0.7,54,1617,mincost,5,0.03594653494656086
j_511456,79,0.7,56,1666,maxflow_passes,1,0.008760874858126044
j_511456,79,0.7,56,1666,maxflow_passes,2,0.00883130100555718
j_511456,79,0.7,56,1666,maxflow_passes,3,0.008880163077265024
j_511456,79,0.7,56,1666,maxflow_passes,4,0.008462097030133009
j_511456,79,0.7,56,1666,maxflow_passes,5,0.008614981081336737
j_511456,79,0.7,56,1666,mincost,1,0.040035131853073835
j_511456,79,0.7,56,1666,mincost,2,0.039780714083462954
j_511456,79,0.7,56,1666,mincost,3,0.039876125985756516
j_511456,79,0.7,56,1666,mincost,4,0.03999014594592154
j_511456,79,0.7,56,1666,mincost,5,0.039919737027958035
j_1081853,82,0.7,54,1579,maxflow_passes,1,0.00923528103157878
j_1081853,82,0.7,54,1579,maxflow_passes,2,0.008511601947247982
j_1081853,82,0.7,54,1579,maxflow_passes,3,0.008799720089882612
j_1081853,82,0.7,54,1579,maxflow_passes,4,0.01160130905918777
j_1081853,82,0.7,54,1579,maxflow_passes,5,0.008570090169087052
j_1081853,82,0.7,54,1579,mincost,1,0.04095527296885848
j_1081853,82,0.7,54,1579,mincost,2,0.04173306282609701
j_1081853,82,0.7,54,1579,mincost,3,0.04148655594326556
j_1081853,82,0.7,54,1579,mincost,4,0.041587866842746735
j_1081853,82,0.7,54,1579,mincost,5,0.04061385407112539
j_2375787,82,0.7,49,1367,maxflow_passes,1,0.006949454080313444
j_2375787,82,0.7,49,1367,maxflow_passes,2,0.007467471994459629
j_2375787,82,0.7,49,1367,maxflow_passes,3,0.007605260005220771
j_2375787,82,0.7,49,1367,maxflow_passes,4,0.0071586431004107
j_2375787,82,0.7,49,1367,maxflow_passes,5,0.007453298894688487
j_2375787,82,0.7,49,1367,mincost,1,0.03172294795513153
j_2375787,82,0.7,49,1367,mincost,2,0.03135709511116147
j_2375787,82,0.7,49,1367,mincost,3,0.03146589593961835
j_2375787,82,0.7,49,1367,mincost,4,0.03239849000237882
j_2375787,82,0.7,49,1367,mincost,5,0.031024921918287873
j_2637192,82,0.7,52,1672,maxflow_passes,1,0.008343594847247005
j_2637192,82,0.7,52,1672,maxflow_passes,2,0.008372341049835086
j_2637192,82,0.7,52,1672,maxflow_passes,3,0.008315506856888533
j_2637192,82,0.7,52,1672,maxflow_passes,4,0.008335516089573503
j_2637192,82,0.7,52,1672,maxflow_passes,5,0.008423984050750732
j_2637192,82,0.7,52,1672,mincost,1,0.039371916092932224
j_2637192,82,0.7,52,1672,mincost,2,0.03967253118753433
j_2637192,82,0.7,52,1672,mincost,3,0.0428028111346066
j_2637192,82,0.7,52,1672,mincost,4,0.03912845300510526
j_2637192,82,0.7,52,1672,mincost,5,0.039021137868985534
j_3319931,82,0.7,50,1448,maxflow_passes,1,0.008526043966412544
j_3319931,82,0.7,50,1448,maxflow_passes,2,0.00806583184748888
j_3319931,82,0.7,50,1448,maxflow_passes,3,0.008046584902331233
j_3319931,82,0.7,50,1448,maxflow_passes,4,0.008012027945369482
j_3319931,82,0.7,50,1448,maxflow_passes,5,0.00775087415240705
j_3319931,82,0.7,50,1448,mincost,1,0.039133639074862
j_3319931,82,0.7,50,1448,mincost,2,0.03825860400684178
j_3319931,82,0.7,50,1448,mincost,3,0.038267493015155196
j_3319931,82,0.7,50,1448,mincost,4,0.03740117303095758
j_3319931,82,0.7,50,1448,mincost,5,0.03818167792633176
j_928040,82,0.7,54,1736,maxflow_passes,1,0.009360539959743619
j_928040,82,0.7,54,1736,maxflow_passes,2,0.009091475047171116
j_928040,82,0.7,54,1736,maxflow_passes,3,0.009369940962642431
j_928040,82,0.7,54,1736,maxflow_passes,4,0.009148763958364725
j_928040,82,0.7,54,1736,maxflow_passes,5,0.009279358899220824
j_928040,82,0.7,54,1736,mincost,1,0.04467388684861362
j_928040,82,0.7,54,1736,mincost,2,0.04431655700318515
j_928040,82,0.7,54,1736,mincost,3,0.04594852402806282
j_928040,82,0.7,54,1736,mincost,4,0.04511095699854195
j_928040,82,0.7,54,1736,mincost,5,0.04528283188119531
j_2011755,87,0.7,61,1930,maxflow_passes,1,0.013202351052314043
j_2011755,87,0.7,61,1930,maxflow_passes,2,0.0101467939093709
j_2011755,87,0.7,61,1930,maxflow_passes,3,0.010366634000092745
j_2011755,87,0.7,61,1930,maxflow_passes,4,0.009865210857242346
j_2011755,87,0.7,61,1930,maxflow_passes,5,0.009523200104013085
j_2011755,87,0.7,61,1930,mincost,1,0.057632869109511375
j_2011755,87,0.7,61,1930,mincost,2,0.058924793964251876
j_2011755,87,0.7,61,1930,mincost,3,0.059498789021745324
j_2011755,87,0.7,61,1930,mincost,4,0.0591132219415158
j_2011755,87,0.7,61,1930,mincost,5,0.061845381977036595
j_2044627,87,0.7,60,1983,maxflow_passes,1,0.009702528826892376
j_2044627,87,0.7,60,1983,maxflow_passes,2,0.00966008217073977
j_2044627,87,0.7,60,1983,maxflow_passes,3,0.009642102057114244
j_2044627,87,0.7,60,1983,maxflow_passes,4,0.009618419921025634
j_2044627,87,0.7,60,1983,maxflow_passes,5,0.009923364967107773
j_2044627,87,0.7,60,1983,mincost,1,0.053777013905346394
j_2044627,87,0.7,60,1983,mincost,2,0.051205326803028584
j_2044627,87,0.7,60,1983,mincost,3,0.04973166901618242
j_2044627,87,0.7,60,1983,mincost,4,0.05056421784684062
j_2044627,87,0.7,60,1983,mincost,5,0.056275746086612344
j_2148617,87,0.7,58,2037,maxflow_passes,1,0.009210828924551606
j_2148617,87,0.7,58,2037,maxflow_passes,2,0.009561711922287941
j_2148617,87,0.7,58,2037,maxflow_passes,3,0.009934014873579144
j_2148617,87,0.7,58,2037,maxflow_passes,4,0.009616305120289326
j_2148617,87,0.7,58,2037,maxflow_passes,5,0.009300156962126493
j_2148617,87,0.7,58,2037,mincost,1,0.0529082000721246
j_2148617,87,0.7,58,2037,mincost,2,0.05374175193719566
j_2148617,87,0.7,58,2037,mincost,3,0.05327559495344758
j_2148617,87,0.7,58,2037,mincost,4,0.05268624797463417
j_2148617,87,0.7,58,2037,mincost,5,0.05248871794901788
j_2243377,87,0.7,61,1778,maxflow_passes,1,0.008967828936874866
j_2243377,87,0.7,61,1778,maxflow_passes,2,0.00907811289653182
j_2243377,87,0.7,61,1778,maxflow_passes,3,0.008806771831586957
j_2243377,87,0.7,61,1778,maxflow_passes,4,0.008621690096333623
j_2243377,87,0.7,61,1778,maxflow_passes,5,0.008746943902224302
j_2243377,87,0.7,61,1778,mincost,1,0.04874202283099294
j_2243377,87,0.7,61,1778,mincost,2,0.04879452404566109
j_2243377,87,0.7,61,1778,mincost,3,0.04960058815777302
j_2243377,87,0.7,61,1778,mincost,4,0.05272827506996691
j_2243377,87,0.7,61,1778,mincost,5,0.0497761161532253
j_2280999,87,0.7,56,2041,maxflow_passes,1,0.008535071043297648
j_2280999,87,0.7,56,2041,maxflow_passes,2,0.008856358006596565
j_2280999,87,0.7,56,2041,maxflow_passes,3,0.009276753989979625
j_2280999,87,0.7,56,2041,maxflow_passes,4,0.009591441135853529
j_2280999,87,0.7,56,2041,maxflow_passes,5,0.009461593814194202
j_2280999,87,0.7,56,2041,mincost,1,0.049949740059673786
j_2280999,87,0.7,56,2041,mincost,2,0.050883656134828925
j_2280999,87,0.7,56,2041,mincost,3,0.050171117996796966
j_2280999,87,0.7,56,2041,mincost,4,0.05135338520631194
j_2280999,87,0.7,56,2041,mincost,5,0.05045947292819619
j_2733709,87,0.7,60,2036,maxflow_passes,1,0.00858833803795278
j_2733709,87,0.7,60,2036,maxflow_passes,2,0.008631227072328329
j_2733709,87,0.7,60,2036,maxflow_passes,3,0.009008488850668073
j_2733709,87,0.7,60,2036,maxflow_passes,4,0.008726626168936491
j_2733709,87,0.7,60,2036,maxflow_passes,5,0.008681609993800521
j_2733709,87,0.7,60,2036,mincost,1,0.051731985062360764
j_2733709,87,0.7,60,2036,mincost,2,0.056025400990620255
j_2733709,87,0.7,60,2036,mincost,3,0.0513861458748579
j_2733709,87,0.7,60,2036,mincost,4,0.05257621803320944
j_2733709,87,0.7,60,2036,mincost,5,0.053167903097346425
j_2960574,87,0.7,60,1989,maxflow_passes,1,0.009538524085655808
j_2960574,87,0.7,60,1989,maxflow_passes,2,0.009020494064316154
j_2960574,87,0.7,60,1989,maxflow_passes,3,0.009073270950466394
j_2960574,87,0.7,60,1989,maxflow_passes,4,0.008954094955697656
j_2960574,87,0.7,60,1989,maxflow_passes,5,0.009323247941210866
j_2960574,87,0.7,60,1989,mincost,1,0.06060863798484206
j_2960574,87,0.7,60,1989,mincost,2,0.05849237693473697
j_2960574,87,0.7,60,1989,mincost,3,0.06005986896343529
j_2960574,87,0.7,60,1989,mincost,4,0.0586267129983753
j_2960574,87,0.7,60,1989,mincost,5,0.058779595885425806
j_3534466,87,0.7,63,2079,maxflow_passes,1,0.010515410918742418
j_3534466,87,0.7,63,2079,maxflow_passes,2,0.010064790956676006
j_3534466,87,0.7,63,2079,maxflow_passes,3,0.010545137105509639
j_3534466,87,0.7,63,2079,maxflow_passes,4,0.010329509852454066
j_3534466,87,0.7,63,2079,maxflow_passes,5,0.013724207179620862
j_3534466,87,0.7,63,2079,mincost,1,0.06327997497282922
j_3534466,87,0.7,63,2079,mincost,2,0.06467887782491744
j_3534466,87,0.7,63,2079,mincost,3,0.06543556996621192
j_3534466,87,0.7,63,2079,mincost,4,0.06270166509784758
j_3534466,87,0.7,63,2079,mincost,5,0.06322281807661057
j_4109583,87,0.7,57,1704,maxflow_passes,1,0.01099806884303689
j_4109583,87,0.7,57,1704,maxflow_passes,2,0.010585034033283591
j_4109583,87,0.7,57,1704,maxflow_passes,3,0.01042942306958139
j_4109583,87,0.7,57,1704,maxflow_passes,4,0.00997546105645597
j_4109583,87,0.7,57,1704,maxflow_passes,5,0.010216776048764586
j_4109583,87,0.7,57,1704,mincost,1,0.04824738088063896
j_4109583,87,0.7,57,1704,mincost,2,0.050286672078073025
j_4109583,87,0.7,57,1704,mincost,3,0.0476106652058661
j_4109583,87,0.7,57,1704,mincost,4,0.04719331092201173
j_4109583,87,0.7,57,1704,mincost,5,0.04740755399689078
j_4153538,87,0.7,57,1872,maxflow_passes,1,0.009148682933300734
j_4153538,87,0.7,57,1872,maxflow_passes,2,0.00906414701603353
j_4153538,87,0.7,57,1872,maxflow_passes,3,0.009065252030268312
j_4153538,87,0.7,57,1872,maxflow_passes,4,0.00853071897290647
j_4153538,87,0.7,57,1872,maxflow_passes,5,0.013086407911032438
j_4153538,87,0.7,57,1872,mincost,1,0.0573949150275439
j_4153538,87,0.7,57,1872,mincost,2,0.056896188063547015
j_4153538,87,0.7,57,1872,mincost,3,0.057668861001729965
j_4153538,87,0.7,57,1872,mincost,4,0.05724534997716546
j_4153538,87,0.7,57,1872,mincost,5,0.05677312891930342
j_456499,87,0.7,58,1860,maxflow_passes,1,0.009023244958370924
j_456499,87,0.7,58,1860,maxflow_passes,2,0.009002392180263996
j_456499,87,0.7,58,1860,maxflow_passes,3,0.00909562292508781
j_456499,87,0.7,58,1860,maxflow_passes,4,0.009257678873836994
j_456499,87,0.7,58,1860,maxflow_passes,5,0.009575573960319161
j_456499,87,0.7,58,1860,mincost,1,0.049974529072642326
j_456499,87,0.7,58,1860,mincost,2,0.04967843811027706
j_456499,87,0.7,58,1860,mincost,3,0.049134451895952225
j_456499,87,0.7,58,1860,mincost,4,0.049825162161141634
j_456499,87,0.7,58,1860,mincost,5,0.05077269813045859
j_552576,87,0.7,54,1874,maxflow_passes,1,0.008515160996466875
j_552576,87,0.7,54,1874,maxflow_passes,2,0.008531790925189853
j_552576,87,0.7,54,1874,maxflow_passes,3,0.011874545132741332
j_552576,87,0.7,54,1874,maxflow_passes,4,0.008487912127748132
j_552576,87,0.7,54,1874,maxflow_passes,5,0.009196636965498328
j_552576,87,0.7,54,1874,mincost,1,0.04360559396445751
j_552576,87,0.7,54,1874,mincost,2,0.04597646999172866
j_552576,87,0.7,54,1874,mincost,3,0.04351232899352908
j_552576,87,0.7,54,1874,mincost,4,0.0444081868045032
j_552576,87,0.7,54,1874,mincost,5,0.04432974406518042
j_574639,87,0.7,56,1794,maxflow_passes,1,0.010045676957815886
j_574639,87,0.7,56,1794,maxflow_passes,2,0.010031437035650015
j_574639,87,0.7,56,1794,maxflow_passes,3,0.010108166141435504
j_574639,87,0.7,56,1794,maxflow_passes,4,0.010015241801738739
j_574639,87,0.7,56,1794,maxflow_passes,5,0.010031966026872396
j_574639,87,0.7,56,1794,mincost,1,0.05112959607504308
j_574639,87,0.7,56,1794,mincost,2,0.05108592193573713
j_574639,87,0.7,56,1794,mincost,3,0.05226716282777488
j_574639,87,0.7,56,1794,mincost,4,0.0516629540361464
j_574639,87,0.7,56,1794,mincost,5,0.05111778387799859
j_629598,87,0.7,61,1898,maxflow_passes,1,0.01086297701112926
j_629598,87,0.7,61,1898,maxflow_passes,2,0.012218398973345757
j_629598,87,0.7,61,1898,maxflow_passes,3,0.015183298848569393
j_629598,87,0.7,61,1898,maxflow_passes,4,0.011342816986143589
j_629598,87,0.7,61,1898,maxflow_passes,5,0.010586702963337302
j_629598,87,0.7,61,1898,mincost,1,0.055810946971178055
j_629598,87,0.7,61,1898,mincost,2,0.05687183002009988
j_629598,87,0.7,61,1898,mincost,3,0.05785787804052234
j_629598,87,0.7,61,1898,mincost,4,0.057971548987552524
j_629598,87,0.7,61,1898,mincost,5,0.05796389398165047
j_739819,87,0.7,60,1938,maxflow_passes,1,0.01051277993246913
j_739819,87,0.7,60,1938,maxflow_passes,2,0.010601578978821635
j_739819,87,0.7,60,1938,maxflow_passes,3,0.010781514924019575
j_739819,87,0.7,60,1938,maxflow_passes,4,0.011298812925815582
j_739819,87,0.7,60,1938,maxflow_passes,5,0.01083273789845407
j_739819,87,0.7,60,1938,mincost,1,0.06126142619177699
j_739819,87,0.7,60,1938,mincost,2,0.05821482511237264
j_739819,87,0.7,60,1938,mincost,3,0.05812182789668441
j_739819,87,0.7,60,1938,mincost,4,0.05862583592534065
j_739819,87,0.7,60,1938,mincost,5,0.058322608936578035
j_1388004,122,0.7,11,905,maxflow_passes,1,0.0071992280427366495
j_1388004,122,0.7,11,905,maxflow_passes,2,0.003461868967860937
j_1388004,122,0.7,11,905,maxflow_passes,3,0.0034261110704392195
j_1388004,122,0.7,11,905,maxflow_passes,4,0.003409869037568569
j_1388004,122,0.7,11,905,maxflow_passes,5,0.0032998190727084875
j_1388004,122,0.7,11,905,mincost,1,0.022884075064212084
j_1388004,122,0.7,11,905,mincost,2,0.022257189033553004
j_1388004,122,0.7,11,905,mincost,3,0.02305652596987784
j_1388004,122,0.7,11,905,mincost,4,0.021898357197642326
j_1388004,122,0.7,11,905,mincost,5,0.022165013942867517
j_1623473,122,0.7,12,990,maxflow_passes,1,0.0037182241212576628
j_1623473,122,0.7,12,990,maxflow_passes,2,0.00370962405577302
j_1623473,122,0.7,12,990,maxflow_passes,3,0.0037938030436635017
j_1623473,122,0.7,12,990,maxflow_passes,4,0.004067681962624192
j_1623473,122,0.7,12,990,maxflow_passes,5,0.003937194123864174
j_1623473,122,0.7,12,990,mincost,1,0.022893895860761404
j_1623473,122,0.7,12,990,mincost,2,0.02330899704247713
j_1623473,122,0.7,12,990,mincost,3,0.023014043923467398
j_1623473,122,0.7,12,990,mincost,4,0.02292228303849697
j_1623473,122,0.7,12,990,mincost,5,0.022686543874442577
j_1643359,122,0.7,11,880,maxflow_passes,1,0.0036057238467037678
j_1643359,122,0.7,11,880,maxflow_passes,2,0.003525148145854473
j_1643359,122,0.7,11,880,maxflow_passes,3,0.0034014349803328514
j_1643359,122,0.7,11,880,maxflow_passes,4,0.003243710147216916
j_1643359,122,0.7,11,880,maxflow_passes,5,0.003317803144454956
j_1643359,122,0.7,11,880,mincost,1,0.021070136921480298
j_1643359,122,0.7,11,880,mincost,2,0.02156315091997385
j_1643359,122,0.7,11,880,mincost,3,0.021002580877393484
j_1643359,122,0.7,11,880,mincost,4,0.020845043938606977
j_1643359,122,0.7,11,880,mincost,5,0.020924453856423497
j_3227839,122,0.7,11,887,maxflow_passes,1,0.004201596137136221
j_3227839,122,0.7,11,887,maxflow_passes,2,0.004069715039804578
j_3227839,122,0.7,11,887,maxflow_passes,3,0.004076750949025154
j_3227839,122,0.7,11,887,maxflow_passes,4,0.004272887017577887
j_3227839,122,0.7,11,887,maxflow_passes,5,0.004158342955633998
j_3227839,122,0.7,11,887,mincost,1,0.022643636912107468
j_3227839,122,0.7,11,887,mincost,2,0.022699418012052774
j_3227839,122,0.7,11,887,mincost,3,0.02282493794336915
j_3227839,122,0.7,11,887,mincost,4,0.026039623888209462
j_3227839,122,0.7,11,887,mincost,5,0.02282811002805829
j_4079288,122,0.7,12,941,maxflow_passes,1,0.003711391007527709
j_4079288,122,0.7,12,941,maxflow_passes,2,0.003501100931316614
j_4079288,122,0.7,12,941,maxflow_passes,3,0.003447730792686343
j_4079288,122,0.7,12,941,maxflow_passes,4,0.0034988459665328264
j_4079288,122,0.7,12,941,maxflow_passes,5,0.003585043828934431
j_4079288,122,0.7,12,941,mincost,1,0.02547612483613193
j_4079288,122,0.7,12,941,mincost,2,0.024327094899490476
j_4079288,122,0.7,12,941,mincost,3,0.02236894890666008
j_4079288,122,0.7,12,941,mincost,4,0.022156172897666693
j_4079288,122,0.7,12,941,mincost,5,0.022495917975902557
j_425995,122,0.7,11,1109,maxflow_passes,1,0.003950448939576745
j_425995,122,0.7,11,1109,maxflow_passes,2,0.003836170071735978
j_425995,122,0.7,11,1109,maxflow_passes,3,0.003772401949390769
j_425995,122,0.7,11,1109,maxflow_passes,4,0.003828963963314891
j_425995,122,0.7,11,1109,maxflow_passes,5,0.003775702090933919
j_425995,122,0.7,11,1109,mincost,1,0.024917203933000565
j_425995,122,0.7,11,1109,mincost,2,0.02474697702564299
j_425995,122,0.7,11,1109,mincost,3,0.024359991075471044
j_425995,122,0.7,11,1109,mincost,4,0.024569927947595716
j_425995,122,0.7,11,1109,mincost,5,0.025161187164485455
j_116485,127,0.7,109,6314,maxflow_passes,1,0.02954052505083382
j_116485,127,0.7,109,6314,maxflow_passes,2,0.03254032297991216
j_116485,127,0.7,109,6314,maxflow_passes,3,0.0295800669118762
j_116485,127,0.7,109,6314,maxflow_passes,4,0.029568717814981937
j_116485,127,0.7,109,6314,maxflow_passes,5,0.02937824698165059
j_116485,127,0.7,109,6314,mincost,1,0.2940442939288914
j_116485,127,0.7,109,6314,mincost,2,0.3016095601487905
j_116485,127,0.7,109,6314,mincost,3,0.3018079739995301
j_116485,127,0.7,109,6314,mincost,4,0.30144470813684165
j_116485,127,0.7,109,6314,mincost,5,0.2982159049715847
j_2403841,127,0.7,108,6468,maxflow_passes,1,0.025176716968417168
j_2403841,127,0.7,108,6468,maxflow_passes,2,0.025428517954424024
j_2403841,127,0.7,108,6468,maxflow_passes,3,0.025592647958546877
j_2403841,127,0.7,108,6468,maxflow_passes,4,0.02558054681867361
j_2403841,127,0.7,108,6468,maxflow_passes,5,0.028614100068807602
j_2403841,127,0.7,108,6468,mincost,1,0.2611671551130712
j_2403841,127,0.7,108,6468,mincost,2,0.27622252493165433
j_2403841,127,0.7,108,6468,mincost,3,0.26784570212475955
j_2403841,127,0.7,108,6468,mincost,4,0.27053251303732395
j_2403841,127,0.7,108,6468,mincost,5,0.27205396606586874
j_2723139,127,0.7,103,6134,maxflow_passes,1,0.02401690511032939
j_2723139,127,0.7,103,6134,maxflow_passes,2,0.024086218094453216
j_2723139,127,0.7,103,6134,maxflow_passes,3,0.02437021303921938
j_2723139,127,0.7,103,6134,maxflow_passes,4,0.029993692180141807
j_2723139,127,0.7,103,6134,maxflow_passes,5,0.023993787122890353
j_2723139,127,0.7,103,6134,mincost,1,0.23582806112244725
j_2723139,127,0.7,103,6134,mincost,2,0.2384151159785688
j_2723139,127,0.7,103,6134,mincost,3,0.2456668638624251
j_2723139,127,0.7,103,6134,mincost,4,0.23956701601855457
j_2723139,127,0.7,103,6134,mincost,5,0.23924905504100025
j_2877605,127,0.7,103,6195,maxflow_passes,1,0.025353433098644018
j_2877605,127,0.7,103,6195,maxflow_passes,2,0.024957628920674324
j_2877605,127,0.7,103,6195,maxflow_passes,3,0.02865289500914514
j_2877605,127,0.7,103,6195,maxflow_passes,4,0.024989673169329762
j_2877605,127,0.7,103,6195,maxflow_passes,5,0.024904182879254222
j_2877605,127,0.7,103,6195,mincost,1,0.2584106440190226
j_2877605,127,0.7,103,6195,mincost,2,0.26621635095216334
j_2877605,127,0.7,103,6195,mincost,3,0.2641798169352114
j_2877605,127,0.7,103,6195,mincost,4,0.2630447940900922
j_2877605,127,0.7,103,6195,mincost,5,0.2659568099770695
j_937261,127,0.7,84,5334,maxflow_passes,1,0.020929184975102544
j_937261,127,0.7,84,5334,maxflow_passes,2,0.024315728107467294
j_937261,127,0.7,84,5334,maxflow_passes,3,0.02106978022493422
j_937261,127,0.7,84,5334,maxflow_passes,4,0.02148295007646084
j_937261,127,0.7,84,5334,maxflow_passes,5,0.02168241119943559
j_937261,127,0.7,84,5334,mincost,1,0.18609576812013984
j_937261,127,0.7,84,5334,mincost,2,0.18982834997586906
j_937261,127,0.7,84,5334,mincost,3,0.18541408306919038
j_937261,127,0.7,84,5334,mincost,4,0.1858104569837451
j_937261,127,0.7,84,5334,mincost,5,0.1896147090010345
j_1315007,134,0.7,10,1186,maxflow_passes,1,0.0042252689599990845
j_1315007,134,0.7,10,1186,maxflow_passes,2,0.004178647883236408
j_1315007,134,0.7,10,1186,maxflow_passes,3,0.004088563844561577
j_1315007,134,0.7,10,1186,maxflow_passes,4,0.004362619947642088
j_1315007,134,0.7,10,1186,maxflow_passes,5,0.004481466021388769
j_1315007,134,0.7,10,1186,mincost,1,0.028214701218530536
j_1315007,134,0.7,10,1186,mincost,2,0.028404070995748043
j_1315007,134,0.7,10,1186,mincost,3,0.02792353485710919
j_1315007,134,0.7,10,1186,mincost,4,0.028115447144955397
j_1315007,134,0.7,10,1186,mincost,5,0.028546999907121062
j_2274606,134,0.7,11,1205,maxflow_passes,1,0.008663557935506105
j_2274606,134,0.7,11,1205,maxflow_passes,2,0.004272443009540439
j_2274606,134,0.7,11,1205,maxflow_passes,3,0.004168946063145995
j_2274606,134,0.7,11,1205,maxflow_passes,4,0.004420441808179021
j_2274606,134,0.7,11,1205,maxflow_passes,5,0.004176195943728089
j_2274606,134,0.7,11,1205,mincost,1,0.028889247914776206
j_2274606,134,0.7,11,1205,mincost,2,0.03194702905602753
j_2274606,134,0.7,11,1205,mincost,3,0.031921372981742024
j_2274606,134,0.7,11,1205,mincost,4,0.029326202115043998
j_2274606,134,0.7,11,1205,mincost,5,0.0286578971426934
j_3053515,134,0.7,11,1183,maxflow_passes,1,0.004210717976093292
j_3053515,134,0.7,11,1183,maxflow_passes,2,0.004025540081784129
j_3053515,134,0.7,11,1183,maxflow_passes,3,0.00412971805781126
j_3053515,134,0.7,11,1183,maxflow_passes,4,0.004639544989913702
j_3053515,134,0.7,11,1183,maxflow_passes,5,0.004282092908397317
j_3053515,134,0.7,11,1183,mincost,1,0.029183078790083528
j_3053515,134,0.7,11,1183,mincost,2,0.028543154010549188
j_3053515,134,0.7,11,1183,mincost,3,0.029039839981123805
j_3053515,134,0.7,11,1183,mincost,4,0.027982357889413834
j_3053515,134,0.7,11,1183,mincost,5,0.028566908091306686
j_3093365,134,0.7,10,1186,maxflow_passes,1,0.004199930001050234
j_3093365,134,0.7,10,1186,maxflow_passes,2,0.004160847049206495
j_3093365,134,0.7,10,1186,maxflow_passes,3,0.0040431281086057425
j_3093365,134,0.7,10,1186,maxflow_passes,4,0.004164797021076083
j_3093365,134,0.7,10,1186,maxflow_passes,5,0.003994968021288514
j_3093365,134,0.7,10,1186,mincost,1,0.028326671104878187
j_3093365,134,0.7,10,1186,mincost,2,0.028087842045351863
j_3093365,134,0.7,10,1186,mincost,3,0.028427287004888058
j_3093365,134,0.7,10,1186,mincost,4,0.029072179924696684
j_3093365,134,0.7,10,1186,mincost,5,0.03279162407852709
j_4101265,134,0.7,11,1053,maxflow_passes,1,0.004020772874355316
j_4101265,134,0.7,11,1053,maxflow_passes,2,0.0039367759600281715
j_4101265,134,0.7,11,1053,maxflow_passes,3,0.004124536877498031
j_4101265,134,0.7,11,1053,maxflow_passes,4,0.003906931029632688
j_4101265,134,0.7,11,1053,maxflow_passes,5,0.003893923945724964
j_4101265,134,0.7,11,1053,mincost,1,0.026368559105321765
j_4101265,134,0.7,11,1053,mincost,2,0.026142489863559604
j_4101265,134,0.7,11,1053,mincost,3,0.02702413988299668
j_4101265,134,0.7,11,1053,mincost,4,0.026945153949782252
j_4101265,134,0.7,11,1053,mincost,5,0.02743433997966349
