instance_id,num_jobs,horizon,actual_utilization,green_share,brown_share,red_share,original_energy_intervals,atomic_intervals,network_vertices,job_interval_edges,forward_edges,total_processing,pass1_added_flow,pass2_added_flow,pass3_added_flow,pass1_flow_fraction,pass2_flow_fraction,pass3_flow_fraction,final_pass,pass2_green_rerouted_amount,pass2_green_rerouted_fraction,pass3_prior_rerouted_amount,pass3_prior_rerouted_fraction,reuse_pass1_bfs_calls,reuse_pass1_successful_bfs,reuse_pass1_bfs_edge_scans,reuse_pass1_dfs_calls,reuse_pass1_dfs_edge_scans,reuse_pass1_augmenting_pushes,reuse_pass2_bfs_calls,reuse_pass2_successful_bfs,reuse_pass2_bfs_edge_scans,reuse_pass2_dfs_calls,reuse_pass2_dfs_edge_scans,reuse_pass2_augmenting_pushes,reuse_pass3_bfs_calls,reuse_pass3_successful_bfs,reuse_pass3_bfs_edge_scans,reuse_pass3_dfs_calls,reuse_pass3_dfs_edge_scans,reuse_pass3_augmenting_pushes,reuse_pass1_maxflow_mean_ms,reuse_pass2_transition_mean_ms,reuse_pass2_maxflow_mean_ms,reuse_pass3_transition_mean_ms,reuse_pass3_maxflow_mean_ms,reuse_mean_ms,reuse_median_ms,restart_mean_ms,restart_median_ms,mincost_mean_ms,mincost_median_ms,restart_over_reuse_mean_ratio,mincost_over_reuse_mean_ratio,restart_pass1_maxflow_mean_ms,restart_pass2_build_mean_ms,restart_pass2_maxflow_mean_ms,restart_pass3_build_mean_ms,restart_pass3_maxflow_mean_ms,mincost_shortest_path_calls,mincost_edge_scans,mincost_augmentations,mincost_solve_mean_ms,reuse_cost,restart_cost,mincost_cost
1,38,228,0.3508771929824561,0.29385964912280704,0.6578947368421053,0.04824561403508772,11,70,110,1181,1289,80.0,59.0,21.0,0.0,0.7375,0.2625,0.0,2,0.0,0.0,0.0,0.0,3,2,5995,1205,3727,36,1,1,2576,58,217,14,0,0,0,0,0,0,1.3481305446475744,0.030292157316580415,0.23039881489239633,0.0,0.0,4.1417764441575855,4.1468130075372756,7.315219915471971,7.183776528108865,15.626789350062609,15.425945981405675,1.7662034670632365,3.7729678462259475,1.3687720580492169,1.5667937928810716,1.5389138483442366,0.0,0.0,50,129010,50,13.083213020581752,21.0,21.0,21.0
2,43,258,0.35658914728682173,0.26356589147286824,0.4186046511627907,0.3178294573643411,11,85,130,1639,1767,92.0,68.0,24.0,0.0,0.7391304347826086,0.2608695652173913,0.0,2,3.0,0.04411764705882353,0.0,0.0,3,2,10514,1979,6406,42,2,2,7066,254,2500,17,0,0,0,0,0,0,2.296155149815604,0.0338440528139472,0.9457304666284472,0.0,0.0,6.755126058124006,6.558376015163958,11.64385691517964,11.48849300807342,25.054825970437378,24.918291543144733,1.723706828709175,3.70900938855247,2.2728268057107925,2.370754803996533,3.256766509730369,0.0,0.0,59,209392,59,21.615336037939414,24.0,24.0,24.0
3,46,276,0.358695652173913,0.2753623188405797,0.5144927536231884,0.21014492753623187,8,88,136,1768,1902,99.0,66.0,33.0,0.0,0.6666666666666666,0.3333333333333333,0.0,2,0.0,0.0,0.0,0.0,4,3,13905,3258,10395,43,1,1,3804,147,1385,25,0,0,0,0,0,0,3.4702496544923633,0.036275351885706186,0.5192317184992135,0.0,0.0,7.76199015090242,7.608217070810497,14.276479394175112,14.030896534677595,31.353219301672652,31.258327479008585,1.8392807922482752,4.0393273750840155,3.5070071928203106,2.5754988950211555,4.005258460529149,0.0,0.0,68,260968,68,27.687377395341173,33.0,33.0,33.0
4,50,300,0.36333333333333334,0.29333333333333333,0.29,0.4166666666666667,8,87,139,1957,2094,109.0,87.0,18.0,4.0,0.7981651376146789,0.1651376146788991,0.03669724770642202,3,3.0,0.034482758620689655,0.0,0.0,3,2,11135,1314,5467,62,3,2,9345,485,4439,11,1,1,4188,16,165,4,1.9623885513283312,0.03319708630442619,1.4219068922102451,0.026508653536438942,0.3251160145737231,8.262345043476671,8.044255489949137,21.15671024657786,20.461430540308356,39.525849907658994,39.483150525484234,2.560618097555925,4.7838537000903445,1.9932937109842899,2.7473379857838154,3.608852653997019,3.0327752407174557,3.8238848617766052,77,330403,77,35.329068201826885,26.0,26.0,26.0
5,48,288,0.3541666666666667,0.2951388888888889,0.22569444444444445,0.4791666666666667,7,90,140,1893,2031,102.0,83.0,11.0,8.0,0.8137254901960784,0.10784313725490197,0.0784313725490196,3,0.0,0.0,0.0,0.0,5,4,17972,3332,13986,55,3,2,9271,261,2510,7,1,1,4062,29,225,7,4.3285814637783915,0.03475798876024783,1.0608370474074036,0.02760629286058247,0.33348093274980783,10.083747952012345,9.96525346999988,26.421409094473347,26.10856748651713,35.09297319687903,35.046882985625416,2.620197293725554,3.4801517614168214,4.3379372044000775,2.6608213607687503,5.371340340934694,2.834197599440813,5.780022020917386,69,293297,69,31.09325831173919,27.0,27.0,27.0
6,49,294,0.36394557823129253,0.2755102040816326,0.18027210884353742,0.54421768707483,12,92,143,2007,2148,107.0,81.0,15.0,11.0,0.7570093457943925,0.14018691588785046,0.102803738317757,3,2.0,0.024691358024691357,0.0,0.0,4,3,17088,2741,9748,51,3,2,10111,454,5113,9,1,1,4295,27,256,6,3.484823857434094,0.03552765701897442,1.5847130911424756,0.0328617577906698,0.3540009376592934,9.939834708347917,9.794494020752609,25.7539012178313,25.28192603494972,38.52772997925058,38.167099468410015,2.590978821428693,3.876093628286723,3.492776892380789,2.908969792770222,5.162680736975744,2.9333748447243124,5.449485214194283,66,314815,66,34.19904727488756,37.0,37.0,37.0
7,45,270,0.4,0.25925925925925924,0.3111111111111111,0.42962962962962964,7,79,126,1802,1926,108.0,70.0,35.0,3.0,0.6481481481481481,0.32407407407407407,0.027777777777777776,3,6.0,0.08571428571428572,0.0,0.0,2,1,7625,1375,3281,35,3,2,8395,328,4212,23,1,1,3852,8,105,2,1.4199351076968014,0.0337834469974041,1.309605484129861,0.02661380567587912,0.2960674581117928,6.861593638313934,6.834380968939513,17.199796810746193,16.9673070195131,27.98946824623272,27.672933938447386,2.506676687279402,4.079149789626777,1.418870547786355,2.5446383166126907,2.726035047089681,2.546803600853309,3.0369250976946205,60,234731,60,24.274192337179556,41.0,41.0,41.0
8,49,294,0.35374149659863946,0.25170068027210885,0.5544217687074829,0.19387755102040816,10,88,139,2053,2190,104.0,74.0,30.0,0.0,0.7115384615384616,0.28846153846153844,0.0,2,3.0,0.04054054054054054,0.0,0.0,2,1,8670,985,3150,44,2,2,8758,260,3741,20,0,0,0,0,0,0,1.3501170324161649,0.03707948490045965,1.2676320096943527,0.0,0.0,6.890271732117981,6.6813009907491505,11.47024680976756,11.386270576622337,34.52671064878814,34.45118054514751,1.6647016628242255,5.010935996594589,1.343967765569687,2.699108002707362,2.6441262161824852,0.0,0.0,64,287760,64,30.451016989536583,30.0,30.0,30.0
9,45,270,0.36666666666666664,0.27037037037037037,0.08518518518518518,0.6444444444444445,9,79,126,1515,1639,99.0,67.0,10.0,22.0,0.6767676767676768,0.10101010101010101,0.2222222222222222,3,5.0,0.07462686567164178,0.0,0.0,6,5,19169,3172,13788,46,4,3,11263,813,5777,7,1,1,3277,48,335,11,4.366737091913819,0.02917629899457097,1.8670704506803304,0.024761096574366093,0.2972655347548425,10.086157458135858,9.947236045263708,25.85468840552494,25.532092957291752,27.653158991597593,27.472389570903033,2.5633833809197193,2.741694159185623,4.362264712108299,2.0540093595627695,6.261513056233525,2.0528965920675546,6.482484861044213,65,235068,65,24.348102608928457,54.0,54.0,54.0
10,45,270,0.3888888888888889,0.2518518518518518,0.3888888888888889,0.3592592592592593,7,78,125,1503,1626,105.0,59.0,41.0,5.0,0.5619047619047619,0.3904761904761905,0.047619047619047616,3,1.0,0.01694915254237288,0.0,0.0,2,1,5648,897,2509,36,3,2,6818,193,2108,25,1,1,3252,8,53,2,1.0189203021582216,0.030052446527406573,0.8344792411662638,0.02436283975839615,0.23665099870413542,5.558811442460865,5.392080987803638,13.558363285847008,13.306849519722164,24.559893092373386,24.317442963365465,2.4390759474735435,4.418191432933515,1.0307139018550515,1.9841634493786842,1.8346695345826447,2.020819060271606,2.1045839006546885,63,207049,63,21.28835344919935,51.0,51.0,51.0
11,48,288,0.375,0.25,0.3229166666666667,0.4270833333333333,7,83,133,1685,1816,108.0,72.0,27.0,9.0,0.6666666666666666,0.25,0.08333333333333333,3,0.0,0.0,0.0,0.0,6,5,21090,3527,16218,50,2,1,4620,138,1269,17,1,1,3632,28,262,7,4.999512550421059,0.03395274979993701,0.5330095998942852,0.025967508554458618,0.3004025144036859,9.57959959632717,9.512675984296948,26.442263956414536,25.639778992626816,32.66847585327923,32.37016097409651,2.7602681814125645,3.410213080910434,5.026914895279333,2.4575258954428136,5.553313449490815,2.3009891039691865,5.8320818527136,73,277877,73,28.989531536353752,45.0,45.0,45.0
12,44,264,0.3939393939393939,0.25757575757575757,0.3068181818181818,0.4356060606060606,12,85,131,1714,1843,104.0,68.0,33.0,3.0,0.6538461538461539,0.3173076923076923,0.028846153846153848,3,1.0,0.014705882352941176,0.0,0.0,3,2,10970,2052,6716,41,3,2,7842,479,3719,19,1,1,3685,8,39,2,2.487967163324356,0.03602835349738598,1.2904260423965752,0.028964504599571228,0.2897420374210924,7.945407909573987,7.66920146998018,19.861718389438465,19.437163486145437,27.367216697894037,27.265191019978374,2.4997732797967074,3.4444067578855617,2.382540883263573,2.616131951799616,3.6729756044223905,2.4807853857055306,3.897403849987313,62,233858,62,23.90673378831707,39.0,39.0,39.0
13,41,246,0.3943089430894309,0.2845528455284553,0.4024390243902439,0.3130081300813008,10,72,115,1298,1411,97.0,69.0,26.0,2.0,0.711340206185567,0.26804123711340205,0.020618556701030927,3,1.0,0.014492753623188406,0.0,0.0,3,2,8060,982,4454,41,3,2,5748,220,1930,16,1,1,2821,4,25,1,1.532841136213392,0.02798348432406783,0.751071103150025,0.02244749921374023,0.1993837475311011,5.552178161451593,5.330126034095883,13.760160940000787,13.529520481824875,19.872511219000444,19.775345048401505,2.4783356261037657,3.579227942823229,1.5057150856591761,1.984570251079276,2.2724392358213663,1.7559218045789748,2.4512952484656125,58,165477,58,17.033759516198188,30.0,30.0,30.0
14,39,234,0.3974358974358974,0.26495726495726496,0.688034188034188,0.04700854700854701,8,72,113,1298,1409,93.0,60.0,33.0,0.0,0.6451612903225806,0.3548387096774194,0.0,2,2.0,0.03333333333333333,0.0,0.0,3,2,8323,1036,4708,37,2,2,5632,197,2482,18,0,0,0,0,0,0,1.5649132896214724,0.02934269141405821,0.831850036047399,0.0,0.0,5.068355257390067,5.0277719856239855,9.034450154285878,8.726847008801997,18.66685551358387,18.708678020630032,1.7825210932309703,3.683020342026361,1.5713329776190221,1.9201424554921687,2.440680895233527,0.0,0.0,55,156651,55,16.031183197628707,33.0,33.0,33.0
15,46,276,0.37318840579710144,0.2898550724637681,0.41304347826086957,0.2971014492753623,9,89,137,1905,2040,103.0,63.0,37.0,3.0,0.6116504854368932,0.3592233009708738,0.02912621359223301,3,0.0,0.0,0.0,0.0,3,2,10300,1463,5354,43,2,1,4682,171,1306,22,1,1,4079,8,90,2,1.9044864922761917,0.0351172115188092,0.5565559433307499,0.02755640889517963,0.30462215654551983,7.084188039880246,6.908356968779117,18.192364572314546,17.88400555960834,33.121928811306134,32.818524981848896,2.568023952766516,4.675472845278404,1.9348486966919154,2.737812598934397,2.514957042876631,2.8484943963121623,2.789488626876846,67,277955,67,29.204662854317576,43.0,43.0,43.0
16,35,210,0.37142857142857144,0.2619047619047619,0.08571428571428572,0.6523809523809524,11,69,106,1009,1113,78.0,55.0,12.0,11.0,0.7051282051282052,0.15384615384615385,0.14102564102564102,3,3.0,0.05454545454545454,0.0,0.0,5,4,10992,1873,8224,41,3,2,5325,329,2195,10,1,1,2226,31,253,7,2.7539959992282093,0.02732875873334706,0.7966430333908647,0.02126808976754546,0.20776966121047735,6.2193138466682285,5.9838194865733385,15.623609663452953,15.306846529711038,17.030777863692492,17.050403519533575,2.5121114722040816,2.738369261235484,2.564911753870547,1.3898685108870268,3.351139446021989,1.584602042566985,3.5485816944856197,58,140300,58,14.878823357867077,34.0,34.0,34.0
17,35,210,0.36666666666666664,0.24761904761904763,0.4095238095238095,0.34285714285714286,6,65,102,990,1090,77.0,45.0,28.0,4.0,0.5844155844155844,0.36363636363636365,0.05194805194805195,3,0.0,0.0,0.0,0.0,6,5,12061,2792,9676,33,3,2,4946,249,1469,16,1,1,2179,16,100,4,3.137136244913563,0.02528176992200315,0.6181077449582517,0.020627648336812854,0.16966850380413234,6.360493350075558,6.166325532831252,17.050429148366675,16.56489697052166,14.720651315292343,14.56782198511064,2.6806771440401125,2.314388287996162,3.2289084512740374,1.4227237028535455,3.8253700535278767,1.3850518385879695,4.0243630413897336,53,120186,53,12.505682604387403,36.0,36.0,36.0
18,45,270,0.37777777777777777,0.2851851851851852,0.6777777777777778,0.037037037037037035,12,82,129,1671,1798,102.0,77.0,25.0,0.0,0.7549019607843137,0.24509803921568626,0.0,2,0.0,0.0,0.0,0.0,2,1,7110,869,2657,44,1,1,3596,111,1429,17,0,0,0,0,0,0,1.1357582116033882,0.03384525189176202,0.5009569053072482,0.0,0.0,5.024303146637976,5.0298990099690855,9.056084539042786,8.81597405532375,26.010298484470695,25.981971994042397,1.802455838100192,5.176896720866763,1.135172724025324,2.5186459999531507,1.657351152971387,0.0,0.0,61,219356,61,22.45422718115151,25.0,25.0,25.0
19,40,240,0.35833333333333334,0.3,0.5,0.2,6,75,117,1332,1447,86.0,56.0,30.0,0.0,0.6511627906976745,0.3488372093023256,0.0,2,0.0,0.0,0.0,0.0,3,2,7203,890,3540,36,1,1,2893,64,495,16,0,0,0,0,0,0,1.2553220440167934,0.028943264624103904,0.28089440311305225,0.0,0.0,4.245853092288598,4.235343018081039,7.914223620900884,7.668806531000882,18.172552896430716,18.220734025817364,1.8639890379803419,4.28007104848636,1.2615457060746849,1.824826403753832,1.548897457541898,0.0,0.0,52,151698,52,15.457736939424649,30.0,30.0,30.0
20,40,240,0.3958333333333333,0.26666666666666666,0.2875,0.44583333333333336,10,72,114,1354,1466,95.0,64.0,25.0,6.0,0.6736842105263158,0.2631578947368421,0.06315789473684211,3,0.0,0.0,0.0,0.0,2,1,5790,1064,2416,39,2,1,3179,144,1112,16,1,1,2931,12,139,3,1.0785691440105438,0.028830708470195532,0.42662639170885086,0.02150273066945374,0.22805320913903415,4.90894042304717,4.698632576037198,11.997422098647803,11.728183482773602,20.497017196612433,20.470240502618253,2.4439942359700786,4.175446314316672,1.0638627514708787,1.7890512943267822,1.4863609976600856,2.0319344534073025,1.7144732060842216,58,174894,58,17.76837149518542,37.0,37.0,37.0
21,38,228,0.39473684210526316,0.2807017543859649,0.6578947368421053,0.06140350877192982,6,67,107,1182,1287,90.0,54.0,36.0,0.0,0.6,0.4,0.0,2,0.0,0.0,0.0,0.0,5,4,11661,2442,8922,42,1,1,2574,113,605,23,0,0,0,0,0,0,2.8599260142073035,0.02669856185093522,0.29180553974583745,0.0,0.0,5.6379781977739185,5.627091508358717,10.547614365350455,10.391207528300583,20.38419733871706,20.16189298592508,1.8708150325084694,3.6155154602700468,2.8776630002539605,1.6196491837035865,3.159443661570549,0.0,0.0,65,172457,65,17.79292814899236,36.0,36.0,36.0
22,41,246,0.3902439024390244,0.27235772357723576,0.36585365853658536,0.3617886178861789,9,72,115,1303,1416,96.0,66.0,30.0,0.0,0.6875,0.3125,0.0,2,0.0,0.0,0.0,0.0,2,1,5586,1021,2425,37,2,2,5660,490,3629,19,0,0,0,0,0,0,1.0431308997794986,0.027180102188140154,1.083010243019089,0.0,0.0,4.81092004920356,4.826038028113544,8.28610776225105,8.025640971027315,19.17501901043579,19.002988003194332,1.7223540772877324,3.985728054992347,1.0512800246942788,1.793019735487178,2.1401068021077663,0.0,0.0,56,159410,56,16.47665344644338,30.0,30.0,30.0
23,44,264,0.375,0.2878787878787879,0.48484848484848486,0.22727272727272727,9,85,131,1591,1720,99.0,64.0,35.0,0.0,0.6464646464646465,0.35353535353535354,0.0,2,0.0,0.0,0.0,0.0,2,1,5170,579,2261,36,1,1,3438,144,927,23,0,0,0,0,0,0,0.851601961767301,0.033590925158932805,0.41009715059772134,0.0,0.0,4.685207986040041,4.508173500653356,8.115724218077958,7.8650194918736815,23.977409000508487,23.962330946233124,1.7322014822521048,5.1176829442686715,0.8425681095104665,2.1498715155757964,1.2418026162777096,0.0,0.0,59,202842,59,20.795601047575474,35.0,35.0,35.0
24,36,216,0.3611111111111111,0.2777777777777778,0.7175925925925926,0.004629629629629629,10,66,104,1134,1236,78.0,58.0,20.0,0.0,0.7435897435897436,0.2564102564102564,0.0,2,0.0,0.0,0.0,0.0,5,4,12209,2356,8967,35,1,1,2472,77,333,18,0,0,0,0,0,0,2.9840967908967286,0.02817689091898501,0.24271735455840826,0.0,0.0,5.775804218137637,5.63804799458012,10.282317834207788,10.056045488454401,16.228170110844076,16.2535440758802,1.7802400230115905,2.8096814742928946,2.8656806563958526,1.721897191600874,3.139602270675823,0.0,0.0,53,135234,53,13.962134142639115,20.0,20.0,20.0
25,50,300,0.36333333333333334,0.28,0.07666666666666666,0.6433333333333333,11,92,144,2027,2169,109.0,84.0,10.0,15.0,0.7706422018348624,0.09174311926605505,0.13761467889908258,3,0.0,0.0,0.0,0.0,8,7,34543,5391,27084,65,2,1,5342,266,1240,5,1,1,4337,32,152,8,8.085477852728218,0.03471270320005715,0.621346797561273,0.027231418062001467,0.3474325349088758,13.658754900097847,13.46251752693206,37.68548145308159,37.28509147185832,45.50191918970086,45.32649047905579,2.7590715060573805,3.331337264817227,8.167414349736646,2.871232252800837,8.750994346337393,2.8724126401357353,9.130592236761004,78,385060,78,41.22063090908341,40.0,40.0,40.0
26,49,294,0.4013605442176871,0.25510204081632654,0.3231292517006803,0.4217687074829932,6,85,136,1904,2038,118.0,62.0,49.0,7.0,0.5254237288135594,0.4152542372881356,0.059322033898305086,3,0.0,0.0,0.0,0.0,2,1,6575,798,2810,40,2,1,4893,318,2019,25,1,1,4076,16,189,4,1.083754951832816,0.03313125926069915,0.7234323071315885,0.025935913436114788,0.3203191910870373,6.3807644008193165,6.18899503024295,15.87219780194573,15.476120519451797,33.52598235942423,33.39404601138085,2.4875072647891017,5.254226649571853,1.1005678912624717,2.6619887386914343,1.8096490646712482,2.7173836657311767,2.130367886275053,69,282804,69,29.5779375534039,63.0,63.0,63.0
27,50,300,0.35,0.3,0.37,0.33,5,83,135,2137,2270,105.0,90.0,14.0,1.0,0.8571428571428571,0.13333333333333333,0.009523809523809525,3,7.0,0.07777777777777778,0.0,0.0,2,1,8997,1327,3489,51,3,2,9152,547,5942,10,1,1,4540,4,40,1,1.5757934481371194,0.03372829523868859,1.7874032899271697,0.030053762020543218,0.3455446916632354,8.578742563258857,8.223637531045824,20.256441790843382,19.846967479679734,34.71333720954135,34.458516514860094,2.361236701238468,4.046436520686849,1.5207850956358016,2.985709364293143,3.2798915985040367,2.963079744949937,3.574847598792985,62,284551,62,30.299339041812345,16.0,16.0,16.0
28,42,252,0.36904761904761907,0.2896825396825397,0.5238095238095238,0.1865079365079365,12,74,118,1560,1676,93.0,73.0,20.0,0.0,0.7849462365591398,0.21505376344086022,0.0,2,0.0,0.0,0.0,0.0,3,2,9982,1050,5599,51,1,1,3352,49,357,11,0,0,0,0,0,0,1.8526099214795977,0.029162346618250012,0.2944453037343919,0.0,0.0,5.469804775202647,5.2708309958688915,9.817749896319583,9.643354511354119,24.364118749508634,24.132338468916714,1.7948995073514031,4.4542940289136705,1.870800950564444,2.0751905918587,2.1836670872289687,0.0,0.0,62,208194,62,21.076337451813743,20.0,20.0,20.0
29,50,300,0.38666666666666666,0.2833333333333333,0.15666666666666668,0.56,11,88,140,1780,1918,116.0,84.0,15.0,17.0,0.7241379310344828,0.12931034482758622,0.14655172413793102,3,16.0,0.19047619047619047,0.0,0.0,4,3,15252,3047,10684,51,4,3,13277,1539,9315,11,1,1,3835,75,585,13,3.565716033335775,0.033214292488992214,2.779567294055596,0.028246582951396704,0.37932852865196764,10.972853231942281,10.802888486068696,26.971133257029578,26.597763993777335,36.490414408035576,36.29192151129246,2.457987242417119,3.3255174052461545,3.586631634971127,2.5914824451319873,6.402514717774466,2.5695308519061655,6.741050037089735,75,313726,75,32.650763052515686,49.0,49.0,49.0
30,42,252,0.373015873015873,0.29365079365079366,0.11904761904761904,0.5873015873015873,8,75,119,1375,1492,94.0,52.0,13.0,29.0,0.5531914893617021,0.13829787234042554,0.30851063829787234,3,0.0,0.0,0.0,0.0,3,2,7505,1054,3905,30,2,1,4307,347,1397,9,1,1,2984,56,451,14,1.3841387873981148,0.029873254243284464,0.5817467987071723,0.024295755429193377,0.2847810392268002,5.4062120034359396,5.2222025115042925,13.594101753551513,13.353016518522054,18.986190855503082,18.94675550283864,2.514533604104265,3.5119212571457306,1.3794912840239704,1.8526864936575294,2.0100667548831552,1.8611794104799628,2.286824636394158,53,158249,53,16.22886525001377,71.0,71.0,71.0
