num_original_jobs,weight_scale_alpha,median,q25,q75,count
5,1,0.0033408274175599,0.00190244516124945,0.005413449718616875,10
5,2,0.01046911242883645,0.00546225649304685,0.017311049159616225,10
5,4,0.03568366693798445,0.017207876197062377,0.06079370208317408,10
5,8,0.13682295556645835,0.06106015201658005,0.23912506969645614,10
5,16,0.5753365908749402,0.24709290429018432,0.9934599340776913,10
10,1,0.12300439947284755,0.07752138382056722,0.1762866981443949,10
10,2,0.4528414364904165,0.2824559701257385,0.6537872666376643,10
10,4,1.8060507900081575,1.1053469478501938,2.60822312097298,10
10,8,7.641827288549393,4.607646492368076,10.980616713641211,10
10,16,32.224194550537504,19.4441860584775,46.4114052123623,10
15,1,1.2573345000855625,0.8603972264681943,1.6363750087330118,10
15,2,4.799513892969117,3.209943621477578,6.304729579249397,10
15,4,20.46576340845786,13.618628166907001,26.89615982794203,10
15,8,87.56162916950416,59.01957804732955,117.2333017119672,10
15,16,375.0268300579628,254.1305508232326,508.03768715873593,10
20,1,5.31538279610686,4.030521390028298,6.257335746078752,7
20,2,21.592262114863843,16.341346572968177,25.64352142100688,7
20,4,93.80326306005009,71.0153475770494,112.53221789351664,7
20,8,399.273395922035,308.8337390865199,486.9539430920268,7
20,16,1886.1261684425408,1468.3456287746085,2169.788633436605,6
