file,instance_id,folder,num_jobs,num_intervals,density,cpu_wall_seconds,gpu_maxflow_seconds,gpu_wall_seconds
jobs_10000_intervals_1000_sparse/instance_0001.json,1,jobs_10000_intervals_1000_sparse,10000,1000,sparse,651.1228519559954,779.3935602279089,1355.4278668700717
jobs_10000_intervals_1000_sparse/instance_0002.json,2,jobs_10000_intervals_1000_sparse,10000,1000,sparse,921.1915409170033,1165.8701149919254,2064.2763902698644
jobs_10000_intervals_1000_sparse/instance_0003.json,3,jobs_10000_intervals_1000_sparse,10000,1000,sparse,956.5966047350084,1080.2621279331318,1943.1258173510432
jobs_10000_intervals_2500_light/instance_0001.json,1,jobs_10000_intervals_2500_light,10000,2500,light,669.1076530739956,765.5321103567142,1347.7108675809577
jobs_10000_intervals_2500_light/instance_0002.json,2,jobs_10000_intervals_2500_light,10000,2500,light,833.5857314649911,1105.8119795813222,1995.7815149861854
jobs_10000_intervals_2500_light/instance_0003.json,3,jobs_10000_intervals_2500_light,10000,2500,light,992.5801642779843,1161.4439850320105,2069.00614583306
jobs_10000_intervals_5000_medium/instance_0001.json,1,jobs_10000_intervals_5000_medium,10000,5000,medium,953.8511781360139,889.3573866679151,1544.9939716970548
jobs_10000_intervals_5000_medium/instance_0002.json,2,jobs_10000_intervals_5000_medium,10000,5000,medium,787.1858107300068,855.6244490291178,1518.6425807760097
jobs_10000_intervals_5000_medium/instance_0003.json,3,jobs_10000_intervals_5000_medium,10000,5000,medium,956.2295847549976,1271.349199200011,2294.7787928089965
jobs_1000_intervals_1000_dense/instance_0001.json,1,jobs_1000_intervals_1000_dense,1000,1000,dense,5.226960875006625,9.165327524670735,17.518568330910057
jobs_1000_intervals_1000_dense/instance_0002.json,2,jobs_1000_intervals_1000_dense,1000,1000,dense,6.660131432989147,13.966902837211787,26.67126100603491
jobs_1000_intervals_1000_dense/instance_0003.json,3,jobs_1000_intervals_1000_dense,1000,1000,dense,6.127180206996854,9.448172670002565,17.862530771875754
jobs_1000_intervals_100_sparse/instance_0001.json,1,jobs_1000_intervals_100_sparse,1000,100,sparse,4.146825568022905,6.383831274859785,12.307502816896886
jobs_1000_intervals_100_sparse/instance_0002.json,2,jobs_1000_intervals_100_sparse,1000,100,sparse,3.7444444940192625,6.162972271242976,12.232616980094463
jobs_1000_intervals_100_sparse/instance_0003.json,3,jobs_1000_intervals_100_sparse,1000,100,sparse,3.905944559024647,6.46189944489868,12.508227570913732
jobs_1000_intervals_2000_very_dense/instance_0001.json,1,jobs_1000_intervals_2000_very_dense,1000,2000,very_dense,7.432435927010374,13.775871778154851,24.808133454062045
jobs_1000_intervals_2000_very_dense/instance_0002.json,2,jobs_1000_intervals_2000_very_dense,1000,2000,very_dense,7.994110831990838,13.996993434955417,25.498714225832373
jobs_1000_intervals_2000_very_dense/instance_0003.json,3,jobs_1000_intervals_2000_very_dense,1000,2000,very_dense,8.314616251998814,14.16033354128033,25.4305001499597
jobs_1000_intervals_250_light/instance_0001.json,1,jobs_1000_intervals_250_light,1000,250,light,4.151972259016475,7.546271523901001,14.13352502300404
jobs_1000_intervals_250_light/instance_0002.json,2,jobs_1000_intervals_250_light,1000,250,light,4.91312684098375,7.7115254209539295,14.31089587090537
jobs_1000_intervals_250_light/instance_0003.json,3,jobs_1000_intervals_250_light,1000,250,light,3.934191620995989,7.434981261794999,13.816000053891912
jobs_1000_intervals_500_medium/instance_0001.json,1,jobs_1000_intervals_500_medium,1000,500,medium,4.373458223999478,7.6677186011036484,14.608429620042443
jobs_1000_intervals_500_medium/instance_0002.json,2,jobs_1000_intervals_500_medium,1000,500,medium,4.655266245012172,8.543418873991921,15.768155617872253
jobs_1000_intervals_500_medium/instance_0003.json,3,jobs_1000_intervals_500_medium,1000,500,medium,5.562539142003516,12.236683075328171,23.269250646000728
jobs_100_intervals_100_dense/instance_0001.json,1,jobs_100_intervals_100_dense,100,100,dense,0.04488604300422594,0.10400433307474843,0.9462312899995595
jobs_100_intervals_100_dense/instance_0002.json,2,jobs_100_intervals_100_dense,100,100,dense,0.03962018497986719,0.06709344127498562,0.6408693881239742
jobs_100_intervals_100_dense/instance_0003.json,3,jobs_100_intervals_100_dense,100,100,dense,0.0395016850088723,0.057911151018023466,0.6488339940551668
jobs_100_intervals_10_sparse/instance_0001.json,1,jobs_100_intervals_10_sparse,100,10,sparse,0.030243101005908102,0.07321558925896876,0.8765790141187608
jobs_100_intervals_10_sparse/instance_0002.json,2,jobs_100_intervals_10_sparse,100,10,sparse,0.025716030009789392,0.03943213002729418,0.586072739912197
jobs_100_intervals_10_sparse/instance_0003.json,3,jobs_100_intervals_10_sparse,100,10,sparse,0.028910803026519716,0.03875544285684818,0.5769531910773367
jobs_100_intervals_200_very_dense/instance_0001.json,1,jobs_100_intervals_200_very_dense,100,200,very_dense,0.06671808898681775,0.11530568587328494,1.0252785179764032
jobs_100_intervals_200_very_dense/instance_0002.json,2,jobs_100_intervals_200_very_dense,100,200,very_dense,0.055303618020843714,0.0851678780071139,0.7046356110367924
jobs_100_intervals_200_very_dense/instance_0003.json,3,jobs_100_intervals_200_very_dense,100,200,very_dense,0.05152750900015235,0.08481024987100061,0.7176133370958269
jobs_100_intervals_25_light/instance_0001.json,1,jobs_100_intervals_25_light,100,25,light,0.03391814499627799,0.08090569913205514,0.8914907821454108
jobs_100_intervals_25_light/instance_0002.json,2,jobs_100_intervals_25_light,100,25,light,0.030020419013453647,0.06792125018136197,0.9114065822213888
jobs_100_intervals_25_light/instance_0003.json,3,jobs_100_intervals_25_light,100,25,light,0.026670787017792463,0.05101604812622074,0.6245867880061269
jobs_100_intervals_50_medium/instance_0001.json,1,jobs_100_intervals_50_medium,100,50,medium,0.04135209598462097,0.0809898209247143,0.8990506390109658
jobs_100_intervals_50_medium/instance_0002.json,2,jobs_100_intervals_50_medium,100,50,medium,0.040045772009762004,0.07231391635979723,0.8882451739627868
jobs_100_intervals_50_medium/instance_0003.json,3,jobs_100_intervals_50_medium,100,50,medium,0.032136569992871955,0.04884004627817862,0.5843853910919279
jobs_10_intervals_10_dense/instance_0001.json,1,jobs_10_intervals_10_dense,10,10,dense,0.0006984260107856244,0.008922444586902945,0.7289633918553591
jobs_10_intervals_10_dense/instance_0002.json,2,jobs_10_intervals_10_dense,10,10,dense,0.0006841150170657784,0.005689409008637014,0.7279553750995547
jobs_10_intervals_10_dense/instance_0003.json,3,jobs_10_intervals_10_dense,10,10,dense,0.0006704760016873479,0.005175230953559262,0.49117602594196796
jobs_10_intervals_20_very_dense/instance_0001.json,1,jobs_10_intervals_20_very_dense,10,20,very_dense,0.0010054470039904118,0.006319996598213917,0.5011193789541721
jobs_10_intervals_20_very_dense/instance_0002.json,2,jobs_10_intervals_20_very_dense,10,20,very_dense,0.000987905979854986,0.005454166122630277,0.48650495195761323
jobs_10_intervals_20_very_dense/instance_0003.json,3,jobs_10_intervals_20_very_dense,10,20,very_dense,0.0009307590080425143,0.005522367013320317,0.48137444094754755
jobs_10_intervals_3_light/instance_0001.json,1,jobs_10_intervals_3_light,10,3,light,0.0006372909992933273,0.00889384327264131,0.7269087440799922
jobs_10_intervals_3_light/instance_0002.json,2,jobs_10_intervals_3_light,10,3,light,0.0005581739824265242,0.00843884426723418,0.7171739370096475
jobs_10_intervals_3_light/instance_0003.json,3,jobs_10_intervals_3_light,10,3,light,0.00042125798063352704,0.0048134379130750915,0.47924173809587955
jobs_10_intervals_3_sparse/instance_0001.json,1,jobs_10_intervals_3_sparse,10,3,sparse,0.0006252710008993745,0.009611966496571811,0.9205463689286262
jobs_10_intervals_3_sparse/instance_0002.json,2,jobs_10_intervals_3_sparse,10,3,sparse,0.0005480909894686192,0.00857903507618607,0.7363496390171349
jobs_10_intervals_3_sparse/instance_0003.json,3,jobs_10_intervals_3_sparse,10,3,sparse,0.0004276710096746683,0.005435843162268417,0.4889150098897517
jobs_10_intervals_5_medium/instance_0001.json,1,jobs_10_intervals_5_medium,10,5,medium,0.0005660579772666097,0.008493434860452953,0.7171488900203258
jobs_10_intervals_5_medium/instance_0002.json,2,jobs_10_intervals_5_medium,10,5,medium,0.0006072929827496409,0.008714589715674514,0.7220295139122754
jobs_10_intervals_5_medium/instance_0003.json,3,jobs_10_intervals_5_medium,10,5,medium,0.0005707090022042394,0.008506527623996174,0.7264652180019766
jobs_2000_intervals_1000_medium/instance_0001.json,1,jobs_2000_intervals_1000_medium,2000,1000,medium,21.71045634098118,35.62026914403382,62.501952211139724
jobs_2000_intervals_1000_medium/instance_0002.json,2,jobs_2000_intervals_1000_medium,2000,1000,medium,27.057792962004896,34.04186416129713,61.30511724296957
jobs_2000_intervals_1000_medium/instance_0003.json,3,jobs_2000_intervals_1000_medium,2000,1000,medium,31.10752332402626,51.98206757843503,93.11520853615366
jobs_2000_intervals_2000_dense/instance_0001.json,1,jobs_2000_intervals_2000_dense,2000,2000,dense,30.06105678100721,38.383747122311235,70.05685384199023
jobs_2000_intervals_2000_dense/instance_0002.json,2,jobs_2000_intervals_2000_dense,2000,2000,dense,31.1350429149752,39.96841853909202,71.22967728204094
jobs_2000_intervals_2000_dense/instance_0003.json,3,jobs_2000_intervals_2000_dense,2000,2000,dense,32.23088804000872,41.27231000085047,73.94181743287481
jobs_2000_intervals_200_sparse/instance_0001.json,1,jobs_2000_intervals_200_sparse,2000,200,sparse,20.837987265986158,28.822395924973158,51.31979733402841
jobs_2000_intervals_200_sparse/instance_0002.json,2,jobs_2000_intervals_200_sparse,2000,200,sparse,20.71573305100901,28.514791249916883,51.496181001886725
jobs_2000_intervals_200_sparse/instance_0003.json,3,jobs_2000_intervals_200_sparse,2000,200,sparse,21.136482823989354,31.99489760792838,55.39257903001271
jobs_2000_intervals_4000_very_dense/instance_0001.json,1,jobs_2000_intervals_4000_very_dense,2000,4000,very_dense,43.19392119301483,56.08248510637068,99.5082115251571
jobs_2000_intervals_4000_very_dense/instance_0002.json,2,jobs_2000_intervals_4000_very_dense,2000,4000,very_dense,43.947814165003365,54.993291528064404,98.55401316704229
jobs_2000_intervals_4000_very_dense/instance_0003.json,3,jobs_2000_intervals_4000_very_dense,2000,4000,very_dense,40.607914987020195,57.76230887522452,101.76414439408109
jobs_2000_intervals_500_light/instance_0001.json,1,jobs_2000_intervals_500_light,2000,500,light,21.117750417994102,29.38518771072571,53.64624904305674
jobs_2000_intervals_500_light/instance_0002.json,2,jobs_2000_intervals_500_light,2000,500,light,22.722130227979505,29.402491205138638,53.85671373992227
jobs_2000_intervals_500_light/instance_0003.json,3,jobs_2000_intervals_500_light,2000,500,light,24.656893017992843,30.185381388990656,54.200099376030266
jobs_200_intervals_100_medium/instance_0001.json,1,jobs_200_intervals_100_medium,200,100,medium,0.16939902698504739,0.3015061602544189,1.4797119041904807
jobs_200_intervals_100_medium/instance_0002.json,2,jobs_200_intervals_100_medium,200,100,medium,0.1345811289793346,0.20440481820681689,0.9606890298891813
jobs_200_intervals_100_medium/instance_0003.json,3,jobs_200_intervals_100_medium,200,100,medium,0.11736535298405215,0.20699788594555857,0.9317831539083272
jobs_200_intervals_200_dense/instance_0001.json,1,jobs_200_intervals_200_dense,200,200,dense,0.21815093100303784,0.385896802992463,1.6605844900477678
jobs_200_intervals_200_dense/instance_0002.json,2,jobs_200_intervals_200_dense,200,200,dense,0.16560936701716855,0.27196526727961,1.0904012930113822
jobs_200_intervals_200_dense/instance_0003.json,3,jobs_200_intervals_200_dense,200,200,dense,0.17768508501467295,0.3314367927843036,1.5527316459920257
jobs_200_intervals_20_sparse/instance_0001.json,1,jobs_200_intervals_20_sparse,200,20,sparse,0.13694611098617315,0.24710516399875293,1.3063995740376413
jobs_200_intervals_20_sparse/instance_0002.json,2,jobs_200_intervals_20_sparse,200,20,sparse,0.10846732201753184,0.17063390998837358,0.8903655631002039
jobs_200_intervals_20_sparse/instance_0003.json,3,jobs_200_intervals_20_sparse,200,20,sparse,0.1193571749900002,0.16438510137137774,0.8788604980800301
jobs_200_intervals_400_very_dense/instance_0001.json,1,jobs_200_intervals_400_very_dense,200,400,very_dense,0.2818946070037782,0.5314090498478412,1.9035910139791667
jobs_200_intervals_400_very_dense/instance_0002.json,2,jobs_200_intervals_400_very_dense,200,400,very_dense,0.25962119101313874,0.35384031721340126,1.2676670320797712
jobs_200_intervals_400_very_dense/instance_0003.json,3,jobs_200_intervals_400_very_dense,200,400,very_dense,0.29464708297746256,0.5731110456588269,1.9922276597935706
jobs_200_intervals_50_light/instance_0001.json,1,jobs_200_intervals_50_light,200,50,light,0.1505104670068249,0.27152063510954383,1.3622804100159556
jobs_200_intervals_50_light/instance_0002.json,2,jobs_200_intervals_50_light,200,50,light,0.1276128570025321,0.18775058621187513,0.9925690509844571
jobs_200_intervals_50_light/instance_0003.json,3,jobs_200_intervals_50_light,200,50,light,0.12181223899824545,0.1842927367601841,0.9991357079707086
jobs_20_intervals_10_medium/instance_0001.json,1,jobs_20_intervals_10_medium,20,10,medium,0.0017203039897140115,0.006655045146077843,0.487455417169258
jobs_20_intervals_10_medium/instance_0002.json,2,jobs_20_intervals_10_medium,20,10,medium,0.0019965039973612875,0.011727877987653068,0.7425450820010155
jobs_20_intervals_10_medium/instance_0003.json,3,jobs_20_intervals_10_medium,20,10,medium,0.0017484450072515756,0.006958016985580295,0.49581344495527446
jobs_20_intervals_20_dense/instance_0001.json,1,jobs_20_intervals_20_dense,20,20,dense,0.00196201799553819,0.006875794658064871,0.4916148018091917
jobs_20_intervals_20_dense/instance_0002.json,2,jobs_20_intervals_20_dense,20,20,dense,0.0020355279848445207,0.007124091102734209,0.4965558259282261
jobs_20_intervals_20_dense/instance_0003.json,3,jobs_20_intervals_20_dense,20,20,dense,0.0018384800059720874,0.0077848640234619015,0.4921440628822893
jobs_20_intervals_3_sparse/instance_0001.json,1,jobs_20_intervals_3_sparse,20,3,sparse,0.0012046759948134422,0.008136338904872531,0.4923236391041428
jobs_20_intervals_3_sparse/instance_0002.json,2,jobs_20_intervals_3_sparse,20,3,sparse,0.0013149940059520304,0.006494724062412971,0.49171208101324737
jobs_20_intervals_3_sparse/instance_0003.json,3,jobs_20_intervals_3_sparse,20,3,sparse,0.001213632000144571,0.006204635959014326,0.49620656203478575
jobs_20_intervals_40_very_dense/instance_0001.json,1,jobs_20_intervals_40_very_dense,20,40,very_dense,0.0021702980156987906,0.0087970331655145,0.4968836160842329
jobs_20_intervals_40_very_dense/instance_0002.json,2,jobs_20_intervals_40_very_dense,20,40,very_dense,0.0024430659832432866,0.007953308975622075,0.49289778899401426
jobs_20_intervals_40_very_dense/instance_0003.json,3,jobs_20_intervals_40_very_dense,20,40,very_dense,0.0024508530041202903,0.007759581233456769,0.4931582889985293
jobs_20_intervals_5_light/instance_0001.json,1,jobs_20_intervals_5_light,20,5,light,0.001240346988197416,0.007735214851826433,0.4902558410540223
jobs_20_intervals_5_light/instance_0002.json,2,jobs_20_intervals_5_light,20,5,light,0.0014846619742456824,0.0078085521861464,0.7309757131151855
jobs_20_intervals_5_light/instance_0003.json,3,jobs_20_intervals_5_light,20,5,light,0.0014992729993537068,0.0065722859108596765,0.48863779893144965
jobs_5000_intervals_10000_very_dense/instance_0001.json,1,jobs_5000_intervals_10000_very_dense,5000,10000,very_dense,292.66048241901444,366.5025982631437,640.6078754498158
jobs_5000_intervals_10000_very_dense/instance_0002.json,2,jobs_5000_intervals_10000_very_dense,5000,10000,very_dense,415.2319532230031,520.877605755166,944.430648754118
jobs_5000_intervals_10000_very_dense/instance_0003.json,3,jobs_5000_intervals_10000_very_dense,5000,10000,very_dense,345.6696940800175,361.47364489467327,627.2699785889126
jobs_5000_intervals_1250_light/instance_0001.json,1,jobs_5000_intervals_1250_light,5000,1250,light,180.35727799599408,196.14261494686417,346.0551278840285
jobs_5000_intervals_1250_light/instance_0002.json,2,jobs_5000_intervals_1250_light,5000,1250,light,185.80531186200096,200.67437713270783,352.07836339296773
jobs_5000_intervals_1250_light/instance_0003.json,3,jobs_5000_intervals_1250_light,5000,1250,light,244.09718425400206,285.1439092461725,517.1135419921484
jobs_5000_intervals_2500_medium/instance_0001.json,1,jobs_5000_intervals_2500_medium,5000,2500,medium,227.60740031098248,225.71774262773306,393.67524215811864
jobs_5000_intervals_2500_medium/instance_0002.json,2,jobs_5000_intervals_2500_medium,5000,2500,medium,222.35820831698948,218.35100477393917,387.8540453428868
jobs_5000_intervals_2500_medium/instance_0003.json,3,jobs_5000_intervals_2500_medium,5000,2500,medium,213.4731789600046,232.10093110899277,402.4840734060854
jobs_5000_intervals_5000_dense/instance_0001.json,1,jobs_5000_intervals_5000_dense,5000,5000,dense,303.6417956909863,273.7863528649767,474.0172452391125
jobs_5000_intervals_5000_dense/instance_0002.json,2,jobs_5000_intervals_5000_dense,5000,5000,dense,251.33015216697822,258.2520160564371,456.63566435920075
jobs_5000_intervals_5000_dense/instance_0003.json,3,jobs_5000_intervals_5000_dense,5000,5000,dense,291.8538320600055,384.30611183031033,690.0963160339743
jobs_5000_intervals_500_sparse/instance_0001.json,1,jobs_5000_intervals_500_sparse,5000,500,sparse,191.00611878899508,184.96690260992602,326.4654343680013
jobs_5000_intervals_500_sparse/instance_0002.json,2,jobs_5000_intervals_500_sparse,5000,500,sparse,189.3517797679815,182.85360753989062,323.6275604069233
jobs_5000_intervals_500_sparse/instance_0003.json,3,jobs_5000_intervals_500_sparse,5000,500,sparse,186.1946118810156,183.0142365810613,327.2870148711372
jobs_500_intervals_1000_very_dense/instance_0001.json,1,jobs_500_intervals_1000_very_dense,500,1000,very_dense,2.063879367982736,2.8428367913365964,6.012148605193943
jobs_500_intervals_1000_very_dense/instance_0002.json,2,jobs_500_intervals_1000_very_dense,500,1000,very_dense,2.8927391750039533,4.143122437898338,9.032872869167477
jobs_500_intervals_1000_very_dense/instance_0003.json,3,jobs_500_intervals_1000_very_dense,500,1000,very_dense,2.1850990430102684,2.99797387123777,6.273168462095782
jobs_500_intervals_125_light/instance_0001.json,1,jobs_500_intervals_125_light,500,125,light,1.0681811610120349,1.4021737399078607,3.3042848519980907
jobs_500_intervals_125_light/instance_0002.json,2,jobs_500_intervals_125_light,500,125,light,1.1391114220023155,1.4429885709770325,3.4621328900102526
jobs_500_intervals_125_light/instance_0003.json,3,jobs_500_intervals_125_light,500,125,light,1.343195565015776,1.6203142690590622,3.6647639230359346
jobs_500_intervals_250_medium/instance_0001.json,1,jobs_500_intervals_250_medium,500,250,medium,1.1857226449938025,1.6579426058073343,3.714500793023035
jobs_500_intervals_250_medium/instance_0002.json,2,jobs_500_intervals_250_medium,500,250,medium,1.3919249070168007,1.7781739235253484,4.045128794852644
jobs_500_intervals_250_medium/instance_0003.json,3,jobs_500_intervals_250_medium,500,250,medium,1.3199487270030659,1.8336575550794754,3.9935790761373937
jobs_500_intervals_500_dense/instance_0001.json,1,jobs_500_intervals_500_dense,500,500,dense,1.4387485340121202,2.025846520462543,4.525046545080841
jobs_500_intervals_500_dense/instance_0002.json,2,jobs_500_intervals_500_dense,500,500,dense,1.5405488190008327,2.188336709211603,4.775010511977598
jobs_500_intervals_500_dense/instance_0003.json,3,jobs_500_intervals_500_dense,500,500,dense,1.5183472069911659,2.2313339990530014,4.8103468210902065
jobs_500_intervals_50_sparse/instance_0001.json,1,jobs_500_intervals_50_sparse,500,50,sparse,0.9760599060100503,1.355217021012321,3.168381822993979
jobs_500_intervals_50_sparse/instance_0002.json,2,jobs_500_intervals_50_sparse,500,50,sparse,1.115040222008247,2.053576510142907,4.877238427056
jobs_500_intervals_50_sparse/instance_0003.json,3,jobs_500_intervals_50_sparse,500,50,sparse,1.3802605140081141,2.1257946892281026,4.9650530950166285
jobs_50_intervals_100_very_dense/instance_0001.json,1,jobs_50_intervals_100_very_dense,50,100,very_dense,0.013856386009138077,0.02666848028481006,0.538356184028089
jobs_50_intervals_100_very_dense/instance_0002.json,2,jobs_50_intervals_100_very_dense,50,100,very_dense,0.01491550198988989,0.02817194874927398,0.5325290558394045
jobs_50_intervals_100_very_dense/instance_0003.json,3,jobs_50_intervals_100_very_dense,50,100,very_dense,0.013345674000447616,0.022721317046895617,0.5334260819945484
jobs_50_intervals_12_light/instance_0001.json,1,jobs_50_intervals_12_light,50,12,light,0.0070869750052224845,0.016144231982037405,0.5164935840293765
jobs_50_intervals_12_light/instance_0002.json,2,jobs_50_intervals_12_light,50,12,light,0.009573843010002747,0.02182875063531098,0.763560565887019
jobs_50_intervals_12_light/instance_0003.json,3,jobs_50_intervals_12_light,50,12,light,0.00668751701596193,0.013478515044271944,0.5075995719525963
jobs_50_intervals_25_medium/instance_0001.json,1,jobs_50_intervals_25_medium,50,25,medium,0.008559100999264047,0.02008115788671372,0.5189444969873875
jobs_50_intervals_25_medium/instance_0002.json,2,jobs_50_intervals_25_medium,50,25,medium,0.008277213986730203,0.02024831603588162,0.7659123360645026
jobs_50_intervals_25_medium/instance_0003.json,3,jobs_50_intervals_25_medium,50,25,medium,0.011135204025777057,0.021881818142160725,0.7686773519963026
jobs_50_intervals_50_dense/instance_0001.json,1,jobs_50_intervals_50_dense,50,50,dense,0.010747705004177988,0.020294025022774997,0.5218979800119996
jobs_50_intervals_50_dense/instance_0002.json,2,jobs_50_intervals_50_dense,50,50,dense,0.011779829976148903,0.027788687672153145,0.8505606120452285
jobs_50_intervals_50_dense/instance_0003.json,3,jobs_50_intervals_50_dense,50,50,dense,0.011543600994627923,0.02916417901876578,0.7812849241308868
jobs_50_intervals_5_sparse/instance_0001.json,1,jobs_50_intervals_5_sparse,50,5,sparse,0.0063618620042689145,0.015665371035858966,0.5165731320157647
jobs_50_intervals_5_sparse/instance_0002.json,2,jobs_50_intervals_5_sparse,50,5,sparse,0.0072357640019617975,0.018927101710006666,0.767951020039618
jobs_50_intervals_5_sparse/instance_0003.json,3,jobs_50_intervals_5_sparse,50,5,sparse,0.007105873984983191,0.013102604911401916,0.5140225768554956
