folder,num_jobs,num_original_intervals,density,num_instances,mean_atomic_intervals,mean_job_interval_edges,mean_passes_seconds,median_passes_seconds,mean_restart_seconds,median_restart_seconds,mean_mincost_seconds,median_mincost_seconds,mean_gpu_algorithm_seconds,median_gpu_algorithm_seconds,mean_gpu_wall_seconds,median_gpu_wall_seconds,mean_restart_over_passes,mean_mincost_over_passes,mean_gpu_algorithm_over_passes,mean_gpu_wall_over_passes
jobs_10_intervals_3_sparse,10,3,sparse,3,18.666666666666668,91.33333333333333,0.000541177966321508,0.000570485950447619,0.0010347076458856463,0.0010033289436250925,0.0007781742994363109,0.000762017909437418,0.007875614911675433,0.00857903507618607,0.7152703392785043,0.7363496390171349,1.9070840492664336,1.4684810507291448,14.361195308327567,1301.3296171770885
jobs_20_intervals_3_sparse,20,3,sparse,3,32.333333333333336,302,0.00126426771748811,0.001289817038923502,0.0019459400403623779,0.001832476002164185,0.0029719116476674876,0.002973085967823863,0.006945232975433276,0.006494724062412971,0.4934140940507253,0.4923236391041428,1.550961945469312,2.3545741458922262,5.4810030548182285,391.3686180115839
jobs_50_intervals_5_sparse,50,5,sparse,3,84,1886.6666666666667,0.00715566030703485,0.0073596719885244966,0.014471204640964666,0.01308947999496013,0.031919793342240155,0.032550423056818545,0.01589835921908918,0.015665371035858966,0.5995155763036261,0.5165731320157647,2.007033851709298,4.492288345619705,2.229494424309235,83.67971227291261
jobs_100_intervals_10_sparse,100,10,sparse,3,175,7929.666666666667,0.02961562593312313,0.029473035945557058,0.0644625339967509,0.05443805898539722,0.2822982300228129,0.2925249260151759,0.05046772071437037,0.03943213002729418,0.6798683150360981,0.586072739912197,2.1517872645731666,9.574047185020902,1.681274291997666,22.793401692898772
jobs_200_intervals_20_sparse,200,20,sparse,3,350,30593,0.13223991096795848,0.12920199893414974,0.31019757098207873,0.26148958096746355,2.28372163802851,2.321281707030721,0.19404139178616808,0.17063390998837358,1.0252085450726252,0.8903655631002039,2.2916686844081458,17.46994235582103,1.4568413084060998,7.694254255628648
jobs_1000_intervals_100_sparse,1000,100,sparse,3,1737.6666666666667,769724.3333333334,4.958838323984916,5.074165188940242,10.423384036985226,10.18255902105011,474.7646377579852,466.0116344699636,6.336234330333814,6.383831274859785,12.349449122635027,12.307502816896886,2.103006216423317,95.97919482513952,1.2786484892248686,2.493314399879656
jobs_10_intervals_3_light,10,3,light,3,18.666666666666668,91.33333333333333,0.0005767996578166882,0.0006150469416752458,0.0010424099940185745,0.0010403880150988698,0.0008358200235913197,0.000802238006144762,0.007382041817650194,0.00843884426723418,0.6411081397285064,0.7171739370096475,1.7911143362651405,1.460764941169584,12.581124879145541,1103.3294064049576
jobs_20_intervals_5_light,20,5,light,3,36,334.3333333333333,0.001353176310658455,0.0013601359678432345,0.0024772629840299487,0.002054061973467469,0.0033440776945402226,0.003396286047063768,0.007372017649610836,0.007735214851826433,0.5699564510335525,0.4902558410540223,1.839323805556658,2.4667597607879204,5.526927542473293,424.13113515079624
jobs_50_intervals_12_light,50,12,light,3,92.66666666666667,2021.6666666666667,0.00951111533989509,0.007342029013670981,0.015990999333250027,0.01563453092239797,0.03575732733588666,0.035358945024199784,0.01715049922054011,0.016144231982037405,0.5958845739563307,0.5164935840293765,1.7096691145970988,4.1397370192666285,1.8775084074549973,65.1598393196981
jobs_100_intervals_25_light,100,25,light,3,185.66666666666666,8672,0.031493771627234914,0.031618412933312356,0.07573297200724483,0.08858065400272608,0.3241511603118852,0.31818231602665037,0.06661433247987929,0.06792125018136197,0.8091613841243088,0.8914907821454108,2.370661222624684,10.456060186429461,2.097430577558519,25.59452289269312
jobs_200_intervals_50_light,200,50,light,3,366.3333333333333,33967.333333333336,0.1429247483223056,0.1452744179405272,0.34094040701165795,0.2935681219678372,2.5738696849827343,2.612423549988307,0.21452131936053434,0.18775058621187513,1.117995056323707,0.9991357079707086,2.3517702421602658,18.049230407754504,1.4927850854836155,7.798632653841644
jobs_1000_intervals_250_light,1000,250,light,3,1831,830560.3333333334,5.358436602012564,5.124080650974065,11.46403114827505,11.210844675893895,529.6997833536394,522.5983952409588,7.564259402216643,7.546271523901001,14.086806982600441,14.13352502300404,2.141651699597614,98.9115193655614,1.4162047331176109,2.637807777829311
jobs_10_intervals_5_medium,10,5,medium,3,18,93,0.0005867469978208343,0.0005840359954163432,0.0012213303319488962,0.001340974005870521,0.0007991320453584194,0.0007930070860311389,0.008571517400041214,0.008506527623996174,0.7218812073115259,0.7220295139122754,2.0902297650433996,1.3606768487539405,14.6114306583402,1230.8684190830857
jobs_20_intervals_10_medium,20,10,medium,3,39.333333333333336,384.6666666666667,0.0017693463402489822,0.001709425006993115,0.0034125743356222906,0.002704020938836038,0.00416698803504308,0.004216857021674514,0.008446980039770402,0.006958016985580295,0.575271314708516,0.49581344495527446,1.903391227815574,2.3574508621661767,4.718102341915669,322.5199690311484
jobs_50_intervals_25_medium,50,25,medium,3,100.66666666666667,2248.3333333333335,0.009476099318514267,0.008837928995490074,0.02146568599467476,0.02243273297790438,0.040476880269125104,0.04175940796267241,0.020737097354918688,0.02024831603588162,0.6845113950160643,0.7659123360645026,2.2506359179345647,4.313949415096543,2.216574058764821,73.0251516857839
jobs_100_intervals_50_medium,100,50,medium,3,202.33333333333334,9098.333333333334,0.04070626467000693,0.04257828800473362,0.09693172702100128,0.10999167605768889,0.35012927965726703,0.3331952259177342,0.06738126118756338,0.07231391635979723,0.7905604013552269,0.8882451739627868,2.357273592354943,8.63488633753734,1.638101121614495,19.24651421300747
jobs_200_intervals_100_medium,200,100,medium,3,405.3333333333333,36702.666666666664,0.16843609069474041,0.14898178703151643,0.39732310199178755,0.29038362798746675,2.7580905919894576,2.861559164011851,0.23763628813559812,0.20699788594555857,1.124061362662663,0.9606890298891813,2.262822824794168,17.040941295915186,1.4244910806502769,6.6866050577271405
jobs_1000_intervals_500_medium,1000,500,medium,3,2037.6666666666667,929226.6666666666,6.120402325682032,5.781369321979582,15.479664154350758,12.597154956078157,623.8926779976658,622.4129760990618,9.482606850141247,8.543418873991921,17.881945294638474,15.768155617872253,2.485394350019209,102.21113148841475,1.5345699311902175,2.89195734786413
jobs_10_intervals_10_dense,10,10,dense,3,23.333333333333332,109,0.0007438299944624305,0.0007362429751083255,0.001494723022915423,0.001552236033603549,0.0009912359916294615,0.0009693329920992255,0.00659569484969974,0.005689409008637014,0.6493649309656272,0.7279553750995547,2.0064390170328057,1.3337573507205345,8.782735781082131,869.1352843643525
jobs_20_intervals_20_dense,20,20,dense,3,48.666666666666664,437.3333333333333,0.0019723393100624285,0.0019883470376953483,0.0031082986776406565,0.0030603850027546287,0.00502380794690301,0.0049758689710870385,0.0072615832614203275,0.007124091102734209,0.493438230206569,0.4921440628822893,1.5753734077203037,2.5480317183022634,3.6910064297550993,250.42347008074677
jobs_50_intervals_50_dense,50,50,dense,3,118.33333333333333,2932.6666666666665,0.012921532693629464,0.012069726013578475,0.027283169988853235,0.028397546033374965,0.06180375271166364,0.061801948002539575,0.02574896390456464,0.027788687672153145,0.7179145053960383,0.7812849241308868,2.180788967070597,4.8379809579520865,2.048432860170577,57.41683189400533
jobs_100_intervals_100_dense,100,100,dense,3,240.33333333333334,11645,0.04364437466332068,0.041593843954615295,0.09607718605548143,0.07916342408861965,0.4778193303306277,0.4804985059890896,0.07633630845591917,0.06709344127498562,0.7453115573929002,0.6488339940551668,2.169361236357448,11.019106521562158,1.7258733345699335,16.93285056066509
jobs_200_intervals_200_dense,200,200,dense,3,469.3333333333333,42994.333333333336,0.2065011813150098,0.1960529909702018,0.5697863866419842,0.6298136099940166,3.816774337319657,3.9716796989087015,0.32976628768545885,0.3314367927843036,1.434572476350392,1.5527316459920257,2.756639656582381,18.57636990140053,1.5975723923187386,6.964763089526965
jobs_1000_intervals_1000_dense,1000,1000,dense,3,2384.6666666666665,1109132.6666666667,7.771311205695383,8.05610585201066,19.432613127011184,15.344068679958582,835.6271175886504,844.2969096950255,10.860134343961695,9.448172670002565,20.684120036273573,17.862530771875754,2.4745497203651063,107.66711195462823,1.3911671836755686,2.6499237018786888
jobs_10_intervals_20_very_dense,10,20,very_dense,3,31,166.33333333333334,0.0010285500126580398,0.0010132050374522805,0.0014741622920458515,0.0015921739395707846,0.0015871536064272125,0.001574271940626204,0.005765509911388171,0.005522367013320317,0.4896662572864443,0.48650495195761323,1.4372867595112047,1.5439709190095965,5.5999946097404045,476.12038812751643
jobs_20_intervals_40_very_dense,20,40,very_dense,3,61,563.6666666666666,0.002392594663736721,0.0023860889486968517,0.0037795940103630223,0.003847480984404683,0.007109533025262256,0.006848269025795162,0.008169974458197782,0.007953308975622075,0.4943132313589255,0.4931582889985293,1.5920483422072622,2.9958021348192245,3.442844395987441,207.6098810738975
jobs_50_intervals_100_very_dense,50,100,very_dense,3,153.33333333333334,3791.3333333333335,0.01486400937816749,0.014465109095908701,0.025509803323075175,0.02553294296376407,0.08866413434346516,0.08916628605220467,0.02585391536032655,0.02666848028481006,0.5347704406206807,0.5334260819945484,1.7153331825558775,5.982089121362584,1.7378140311469876,36.03482228833347
jobs_100_intervals_200_very_dense,100,200,very_dense,3,310.6666666666667,14979.333333333334,0.06384284103599687,0.06282544799614698,0.14108801962962994,0.11060414696112275,0.7043679230070362,0.6994402130367234,0.09509460458379981,0.0851678780071139,0.8158424887030075,0.7176133370958269,2.165313234731473,11.067386302601948,1.4830721542726837,12.697228341825925
jobs_200_intervals_400_very_dense,200,400,very_dense,3,627.3333333333334,59174.333333333336,0.3188516569789499,0.3153629610314965,0.9285314799829697,1.039792508003302,7.722517184369887,7.952711425954476,0.4861201375733564,0.5314090498478412,1.7211619019508362,1.9035910139791667,2.8854676332964,24.21430475280773,1.5131898374475619,5.362274456153991
jobs_1000_intervals_2000_very_dense,1000,2000,very_dense,3,3124,1499734,10.13893633968352,10.263951885979623,21.38279111070248,21.448096486041322,1244.8160863116693,1194.688020002097,13.977732918130199,13.996993434955417,25.245782609951373,25.4305001499597,2.108189752523886,122.76209880568956,1.3805269106702078,2.4930480902401735
