task_name,dag_node_id,predecessors,expected_instances,usable_instances,start_time,end_time,plan_cpu,plan_mem,task_type,status
M1,1,,1,1,276476.0,276479.0,100.0,0.3,1,Terminated
R2_1,2,1,1,1,276476.0,276479.0,100.0,0.39,1,Terminated
R3_1,3,1,1,1,276476.0,276479.0,100.0,0.39,1,Terminated
R4_1,4,1,1,1,276476.0,276479.0,100.0,0.39,1,Terminated
R5_1,5,1,1,1,276476.0,276479.0,100.0,0.39,1,Terminated
R6_1,6,1,1,1,276476.0,276479.0,100.0,0.39,1,Terminated
R7_1,7,1,1,1,276476.0,276479.0,100.0,0.39,1,Terminated
M8,8,,1,1,276476.0,276478.0,100.0,0.3,1,Terminated
R9_8,9,8,1,1,276476.0,276478.0,100.0,0.39,1,Terminated
R10_8,10,8,1,1,276476.0,276478.0,100.0,0.39,1,Terminated
R11_8,11,8,1,1,276476.0,276478.0,100.0,0.39,1,Terminated
R12_8,12,8,1,1,276476.0,276478.0,100.0,0.39,1,Terminated
R13_8,13,8,1,1,276476.0,276478.0,100.0,0.39,1,Terminated
R14_8,14,8,1,1,276476.0,276478.0,100.0,0.39,1,Terminated
M15,15,,1,1,276476.0,276478.0,100.0,0.3,1,Terminated
R16_15,16,15,1,1,276476.0,276478.0,100.0,0.39,1,Terminated
R17_15,17,15,1,1,276476.0,276478.0,100.0,0.39,1,Terminated
R18_15,18,15,1,1,276476.0,276478.0,100.0,0.39,1,Terminated
R19_15,19,15,1,1,276476.0,276478.0,100.0,0.39,1,Terminated
R20_15,20,15,1,1,276476.0,276478.0,100.0,0.39,1,Terminated
R21_15,21,15,1,1,276476.0,276478.0,100.0,0.39,1,Terminated
M22,22,,1,1,276476.0,276481.0,100.0,0.3,1,Terminated
R23_22,23,22,1,1,276476.0,276481.0,100.0,0.39,1,Terminated
R24_22,24,22,1,1,276476.0,276481.0,100.0,0.39,1,Terminated
R25_22,25,22,1,1,276476.0,276481.0,100.0,0.39,1,Terminated
R26_22,26,22,1,1,276476.0,276481.0,100.0,0.39,1,Terminated
R27_22,27,22,1,1,276476.0,276481.0,100.0,0.39,1,Terminated
R28_22,28,22,1,1,276476.0,276482.0,100.0,0.39,1,Terminated
R29_22,29,22,1,1,276476.0,276481.0,100.0,0.39,1,Terminated
R30_22,30,22,1,1,276476.0,276481.0,100.0,0.39,1,Terminated
R31_22,31,22,1,1,276476.0,276481.0,100.0,0.39,1,Terminated
R32_22,32,22,1,1,276476.0,276481.0,100.0,0.39,1,Terminated
R33_22,33,22,1,1,276476.0,276481.0,100.0,0.39,1,Terminated
R34_22,34,22,1,1,276476.0,276481.0,100.0,0.39,1,Terminated
